0,1120
1,9
2,11
3,0.267
4,6
5,1290
6,600
7,2485
8,8.8
9,9
10,41
11,1.05
12,91
13,56
14,36
15,8172
16,16
17,18.7
18,322.5
19,10
20,12
21,5
22,100
23,68
24,600
25,60
26,9
27,48
28,2.52
29,1950
30,21.6
31,10
32,9
33,720
34,36
35,61/20
36,251
37,7
38,3/5
39,48
40,400
41,24
42,7
43,500
44,4
45,17
46,95
47,288
48,40
49,280
50,656
51,10
52,7600
53,280
54,778
55,120
56,138
57,4875
58,7500
59,2
60,13
61,1201
62,1300
63,180
64,1176
65,715.6
66,13200
67,400
68,3360
69,765
70,10
71,73.8
72,6600
73,7/8
74,200
75,3.8
76,8
77,13/20
78,24
79,194
80,3.3
81,14
82,8
83,392
84,260
85,25%
86,15
87,136
88,82
89,374
90,30600
91,20
92,8
93,1735
94,968
95,167.8
96,8
97,16
98,3
99,252
100,2288
101,400
102,3521.6
103,14
104,40/7
105,20
106,5/9
107,20427.5
108,6.9
109,3/10
110,4
111,1200
112,700
113,147
114,3
115,160
116,5625
117,623
118,192
119,124
120,1.7
121,13
122,36
123,69
124,20000
125,90%
126,380
127,0.6
128,90
129,565
130,1/9
131,6089
132,8
133,9
134,11200
135,3
136,595
137,50
138,24
139,88
140,90
141,103
142,96
143,15
144,8126.72
145,356
146,8
147,8400
148,1920
149,9
150,2/9
151,494
152,20/7
153,490
154,8000
155,3/10
156,2.5
157,600
158,20
159,2700
160,30
161,50
162,5
163,5.86
164,8
165,1350
166,336
167,750
168,10
169,312
170,16
171,7
172,280
173,144
174,11/35
175,14
176,44
177,9
178,100
179,11
180,20
181,87.92
182,21
183,27
184,11/20
185,650
186,5000
187,10
188,78
189,15
190,120
191,124.8784
192,17445
193,880
194,3000
195,1480
196,704
197,28.26
198,450
199,272
200,450
201,114
202,24
203,7/20
204,500
205,40
206,2/9
207,6
208,38
209,1439
210,6
211,60.8
212,3093
213,1633.62
214,6
215,24500
216,100
217,4.25
218,63072.4
219,4
220,4
221,333
222,20
223,12
224,200
225,1872
226,32
227,9
228,6/7
229,28.8
230,190
231,293
232,3625
233,107
234,684
235,3500
236,691
237,4950
238,2/54
239,155
240,700
241,82.6
242,51/8
243,5375
244,432
245,3/5
246,25
247,13/8
248,240
249,9
250,0.72
251,30
252,3133.2
253,1260
254,200
255,6000
256,1536
257,7
258,490
259,5
260,2700
261,1080
262,45
263,167
264,5
265,6
266,23/32
267,276
268,26
269,95
270,25000
271,10460
272,75
273,12
274,520
275,1255
276,515
277,10.8
278,32
279,750
280,13572
281,8
282,6
283,700
284,0.25
285,18
286,240
287,579
288,2.8
289,2250
290,944
291,5
292,8
293,546
294,16
295,21
296,5280
297,5
298,5
299,91
300,224
301,8
302,4
303,9
304,81
305,5026
306,18
307,20
308,36
309,140
310,47.68
311,450
312,40
313,2/7
314,36
315,60
316,40000
317,324
318,900
319,3/10
320,4
321,432
322,1/2
323,105
324,6/5
325,7
326,3450
327,68.75
328,890
329,15
330,12389
331,434000
332,16000
333,300
334,4/7
335,1344
336,15
337,486
338,6
339,10
340,10
341,90
342,21
343,1501
344,60
345,47
346,48
347,4
348,425
349,800
350,3.2
351,600
352,4.7
353,1488
354,168
355,140
356,133
357,30
358,2.5
359,12
360,11304
361,400
362,45
363,43.2
364,35
365,540
366,1/3
367,32
368,3/5
369,-209
370,150
371,242
372,10
373,7
374,36
375,1350
376,591
377,907.56
378,4529
379,10
380,70
381,44
382,2/5
383,6240
384,56750
385,329
386,600
387,25.41
388,80
389,19
390,15
391,1252
392,768
393,800
394,471
395,1150
396,450
397,11
398,6592
399,13
400,95
401,136
402,864
403,6/7
404,30
405,32
406,8
407,4/15
408,5
409,12.56
410,12
411,5
412,1/4
413,800
414,10
415,86
416,55
417,8
418,1320
419,20
420,1/9
421,1000
422,303
423,0.49
424,0.48
425,15.92
426,1.8
427,2560
428,127
429,2000
430,580
431,120
432,576
433,112
434,12960
435,31
436,6528
437,44
438,1.29
439,6300
440,1/4
441,45
442,410
443,87.5
444,64
445,521.96
446,3/5
447,1.8
448,20
449,1920
450,1036
451,68
452,0.38
453,10
454,30
455,133
456,1080
457,24
458,76
459,390
460,24
461,200
462,34
463,712
464,7.5
465,1710
466,6900
467,164
468,21
469,30
470,20
471,16
472,700
473,125.6
474,12
475,6
476,534
477,56
478,1152
479,231
480,3.2
481,533
482,1/60
483,3.2
484,30
485,280
486,132
487,288
488,15
489,1244
490,6
491,96
492,260
493,44.72
494,440
495,2092.34
496,9
497,1440
498,80
499,1344
500,272
501,700
502,320
503,750
504,885
505,639
506,2850
507,700
508,188.4
509,78
510,132000
511,14
512,17/40
513,12
514,120
515,58
516,786
517,0.5
518,2/3
519,550
520,48
521,8
522,755
523,1800
524,7/8
525,200
526,420
527,100
528,30
529,12
530,120
531,8
532,150
533,52.95
534,12
535,45
536,1.44
537,22
538,7
539,96
540,270
541,0.1
542,216
543,600
544,4
545,24
546,6.1
547,84
548,10
549,108
550,1730
551,64.95
552,48
553,9
554,1100
555,333.33
556,11
557,126
558,7.06
559,50.24
560,0.36
561,6
562,6
563,100
564,53
565,12
566,2100
567,147
568,900
569,600
570,266
571,16.8
572,10350
573,24
574,7500
575,44.85
576,4
577,2
578,150
579,264
580,1600
581,14
582,348.6
583,576
584,2
585,12
586,1
587,16
588,50
589,240
590,76
591,16
592,120
593,40
594,4
595,50.24
596,2
597,405
598,192
599,30000
600,1176
601,5
602,3
603,100
604,240
605,4/5
606,500
607,75
608,5
609,62
610,90000
611,18
612,158
613,0.09
614,10.8
615,9360
616,116.8
617,40
618,7.06896
619,30
620,0.57
621,50
622,75
623,114
624,196
625,15
626,2000
627,50
628,411
629,108
630,15
631,3.14
632,3
633,2000
634,600
635,5.5%
636,95.6%
637,25%
638,99%
639,60
640,10
641,40
642,5
643,32
644,270
645,18
646,12
647,82
648,2150
649,48
650,60
651,10
652,11
653,25
654,59%
655,49
656,80
657,98%
658,1.5
659,95%
660,75
661,133.3
662,950
663,1/4
664,6
665,1094.5
666,50
667,100
668,6
669,36000
670,8
671,490
672,4
673,30
674,0.5
675,92%
676,8
677,6
678,56
679,96%
680,250000
681,460
682,120
683,450
684,42
685,26
686,3360
687,100
688,36
689,12
690,320
691,1500
692,81
693,9
694,30
695,725
696,16
697,6
698,31/40
699,60
700,80
701,24
702,5
703,0.264
704,7.2
705,4
706,95.6%
707,5/8
708,20
709,66
710,32
711,57
712,2.4
713,0.018
714,10%
715,100000
716,240
717,192
718,38
719,72
720,150
721,150
722,14.65
723,80
724,76
725,425
726,75
727,117
728,15000
729,160
730,240
731,50
732,32
733,100
734,46
735,13.5
736,7
737,50
738,111.4
739,160
740,95%
741,2.5
742,3/4
743,6.08
744,390
745,2700
746,40
747,17.16
748,5
749,324
750,8
751,84
752,40
753,11
754,7.5
755,2500
756,4
757,176
758,10
759,1600
760,125
761,60
762,95.37
763,70
764,68.5
765,2000
766,21944
767,3.44
768,6000
769,140
770,841
771,27
772,187
773,102.5
774,29.375
775,10.5
776,0.4
777,360
778,400
779,4
780,5
781,3800
782,6160
783,5
784,100
785,150
786,12.57
787,5
788,500
789,324
790,98%
791,54
792,612.5
793,40
794,72.09
795,250
796,7
797,100
798,60/7
799,840
800,28.6
801,50
802,15
803,40
804,60
805,44.4
806,500
807,104
808,5
809,5
810,4.8
811,8.5
812,20
813,60.81
814,25
815,4000
816,2000
817,240
818,7
819,90
820,70
821,360
822,66
823,100
824,50.24
825,1050
826,1.462
827,40
828,7.5
829,20
830,290
831,160
832,1.05
833,18
834,112
835,11520
836,45
837,900
838,68
839,5
840,28
841,1.67
842,8
843,115200
844,546
845,94
846,-20
847,42
848,640
849,5
850,30
851,660
852,23
853,14
854,20
855,19
856,75
857,2016
858,189
859,10
860,32
861,300
862,48
863,2/7
864,8
865,11
866,0.1375
867,25
868,18.15
869,25
870,14.6
871,75.6
872,144
873,62
874,84
875,-19
876,4005
877,100
878,17.52
879,11.92%
880,320/7
881,900
882,90
883,168
884,78
885,63
886,225
887,15.3984
888,18
889,28
890,2.22
891,288
892,37.25
893,6
894,12
895,9
896,285
897,30
898,48
899,240
900,4000
901,207000
902,5.43
903,214
904,3
905,19800
906,72
907,150
908,25
909,0.49
910,10
911,100.33
912,60
913,69
914,11.4
915,430
916,1884
917,94.2
918,307.76
919,5.4
920,200
921,2
922,30
923,99%
924,577
925,96
926,95.83%
927,220
928,8
929,9
930,4800
931,3000
932,312
933,1572
934,7.1
935,3500
936,60
937,80
938,6.66
939,11
940,28
941,152
942,210
943,24
944,10
945,5/12
946,176
947,5
948,90
949,60
950,0.6
951,192
952,10
953,300
954,594
955,9
956,16
957,100000
958,7500
959,265
960,5/6
961,8
962,640
963,31189.75
964,16
965,18
966,25
967,11
968,78
969,3/8
970,227.6
971,9
972,3424
973,5026
974,41
975,6
976,70
977,8
978,614
979,910
980,182.9
981,780
982,0.03
983,448
984,3.933
985,74
986,96
987,20
988,2
989,-50
990,24
991,2760
992,692
993,700
994,5.7%
995,2040
996,1/20
997,36
998,72
999,1/5
1000,3.14
1001,496
1002,89
1003,45
1004,5
1005,10%
1006,10
1007,31
1008,1943680
1009,1/2
1010,1.75
1011,163
1012,312.5
1013,4%
1014,38
1015,200
1016,3
1017,37.5
1018,94
1019,2/3
1020,9
1021,150%
1022,14
1023,0.0628
1024,11
1025,44080
1026,16000
1027,1/4
1028,63
1029,88
1030,15
1031,98.02
1032,22
1033,2
1034,56
1035,270
1036,0.108
1037,30
1038,2100
1039,28
1040,6
1041,10800
1042,12
1043,19.6
1044,28.75
1045,2744
1046,9/16
1047,36
1048,2783
1049,300
1050,150
1051,100
1052,240
1053,7/15
1054,810
1055,10
1056,4
1057,159.45
1058,7/4
1059,51.2
1060,70
1061,11
1062,3.77
1063,7
1064,60
1065,20
1066,4
1067,9
1068,90
1069,45
1070,55
1071,6.25
1072,118
1073,284
1074,1/5
1075,4138
1076,36
1077,272
1078,0.6
1079,60
1080,480
1081,84
1082,175/9
1083,20
1084,13
1085,12.2
1086,1/3
1087,480
1088,0.4
1089,0.0144
1090,180
1091,45
1092,4875
1093,5
1094,900
1095,9
1096,1440
1097,5/8
1098,67
1099,120
1100,1
1101,16
1102,859
1103,25
1104,285
1105,2/5
1106,29.9
1107,12
1108,3
1109,16
1110,27
1111,3
1112,44.03%
1113,25%
1114,800
1115,68
1116,6
1117,20
1118,8
1119,3
1120,15
1121,30
1122,24
1123,10
1124,51
1125,4560
1126,2.4
1127,11.2
1128,10000
1129,0.0125
1130,0.66
1131,36
1132,28
1133,550
1134,128
1135,75
1136,30.06
1137,40
1138,480
1139,200
1140,18000
1141,27.96
1142,140
1143,180
1144,8
1145,4
1146,3000
1147,768
1148,80
1149,-12.3
1150,0.232
1151,100
1152,1/2
1153,770
1154,3
1155,900
1156,4
1157,15
1158,1154
1159,6
1160,21
1161,24
1162,80
1163,60
1164,9045
1165,6
1166,4
1167,20
1168,15
1169,15
1170,109%
1171,900
1172,60
1173,1930
1174,1.5
1175,98%
1176,30
1177,40
1178,2700
1179,276
1180,7
1181,0.0015
1182,24
1183,54
1184,97
1185,300
1186,3.5
1187,200
1188,5997
1189,71
1190,7949.6
1191,120
1192,2.7
1193,45000
1194,96
1195,9%
1196,1.5
1197,45
1198,342
1199,50.24
1200,420
1201,5
1202,11875
1203,25%
1204,51
1205,70
1206,18
1207,188
1208,6
1209,8
1210,0.5
1211,60
1212,768
1213,45%
1214,0.6
1215,0.8
1216,27
1217,22
1218,28
1219,750
1220,57.9
1221,15
1222,2.25
1223,127.2
1224,48
1225,33.33
1226,188.4
1227,11200
1228,18
1229,90
1230,1
1231,1
1232,54
1233,96
1234,166.5
1235,6075
1236,643
1237,70
1238,5
1239,9
1240,76.8%
1241,8
1242,1200
1243,80
1244,69
1245,4200
1246,85
1247,89
1248,56
1249,180
1250,33
1251,45
1252,36
1253,16
1254,36
1255,8
1256,30
1257,38
1258,24
1259,16
1260,53
1261,22
1262,4
1263,37
1264,6
1265,45
1266,8
1267,13
1268,23
1269,18
1270,55
1271,53
1272,30
1273,26
1274,46
1275,12
1276,72
1277,6
1278,84
1279,8
1280,81
1281,51
1282,84
1283,24
1284,54
1285,40
1286,165
1287,35
1288,27
1289,48
1290,18
1291,72
1292,26
1293,10
1294,29
1295,8
1296,1
1297,2
1298,8
1299,6
1300,6
1301,20
1302,6
1303,5
1304,6
1305,6
1306,1
1307,5
1308,8
1309,9
1310,7
1311,6
1312,8
1313,32
1314,55
1315,9
1316,13
1317,30
1318,11
1319,6
1320,7
1321,6
1322,80
1323,25
1324,28
1325,40
1326,17
1327,9
1328,180
1329,6
1330,42
1331,6
1332,76
1333,22
1334,4
1335,25
1336,10
1337,64
1338,120
1339,4
1340,73
1341,24
1342,6
1343,7
1344,24
1345,84
1346,31
1347,15
1348,6
1349,23
1350,35
1351,16
1352,19
1353,28
1354,9
1355,7.2
1356,77
1357,360
1358,160
1359,700
1360,72
1361,960000
1362,30000
1363,5/9
1364,29.5
1365,4/5
1366,32
1367,13
1368,50240
1369,60
1370,48
1371,81
1372,335
1373,120
1374,69.25
1375,1/3
1376,1000
1377,128
1378,9.4
1379,6.576
1380,2.7
1381,608
1382,1125
1383,9
1384,440
1385,7.65
1386,28
1387,2
1388,75
1389,4.85
1390,42
1391,7.2
1392,48000
1393,9
1394,40
1395,16
1396,1
1397,480
1398,95
1399,840
1400,6
1401,180
1402,640
1403,60
1404,24
1405,9
1406,8
1407,77
1408,787
1409,150
1410,139
1411,25
1412,100000
1413,45
1414,196
1415,9000
1416,5472
1417,3
1418,480
1419,31
1420,29/60
1421,40.1
1422,33.45
1423,3.6
1424,0.008
1425,6
1426,9
1427,4
1428,294
1429,12
1430,22.5
1431,28
1432,6
1433,138
1434,8
1435,45.8
1436,190
1437,274.32
1438,194.35
1439,72
1440,40
1441,8
1442,117.5
1443,480
1444,18
1445,20
1446,14850
1447,10001
1448,1.35
1449,4
1450,88
1451,0.6
1452,36
1453,307
1454,36
1455,80
1456,89
1457,31
1458,16
1459,9
1460,3600
1461,560
1462,144
1463,97.5
1464,40
1465,290
1466,27
1467,206
1468,9
1469,1.1
1470,137
1471,5
1472,5
1473,58
1474,26
1475,8
1476,50
1477,9000
1478,18
1479,16
1480,0.6
1481,99506.5
1482,8
1483,3
1484,6/13
1485,0.004
1486,11
1487,33
1488,1
1489,48
1490,3.85
1491,49
1492,80
1493,2125
1494,32
1495,99
1496,5
1497,8
1498,21.7
1499,2370
1500,22.5
1501,3.6
1502,149
1503,40
1504,371
1505,28
1506,136
1507,512
1508,18.4
1509,180
1510,945
1511,50
1512,23.2
1513,720
1514,70
1515,520
1516,22
1517,1.55
1518,1315
1519,6
1520,405
1521,40
1522,300
1523,70
1524,331
1525,27
1526,560
1527,15
1528,400
1529,780
1530,1000
1531,22
1532,40
1533,187.5
1534,4800
1535,1/2
1536,2.5
1537,30
1538,1/21
1539,160
1540,128
1541,100.48
1542,28
1543,90
1544,12.3
1545,437.89
1546,650
1547,10
1548,1/2
1549,17
1550,42
1551,56
1552,945
1553,180
1554,3.92
1555,628
1556,507.6
1557,8.57
1558,400
1559,2000
1560,16019
1561,17
1562,73
1563,24
1564,83998000
1565,90
1566,3600
1567,14
1568,8000
1569,99
1570,3000
1571,1.6
1572,31.4
1573,8
1574,32
1575,9
1576,1968
1577,0.77
1578,210
1579,666
1580,125
1581,64
1582,125
1583,250
1584,124
1585,1700
1586,300
1587,3.6
1588,41
1589,96
1590,25
1591,84
1592,108
1593,175
1594,50
1595,2772
1596,5.2
1597,-22.8%
1598,10
1599,160
1600,30
1601,750
1602,120
1603,800
1604,30
1605,42%
1606,252
1607,48
1608,8
1609,56.52
1610,5024
1611,5024
1612,754.54
1613,32
1614,55.38
1615,52
1616,563
1617,50
1618,54
1619,480
1620,55
1621,45
1622,256
1623,120
1624,24
1625,364.06
1626,98
1627,25
1628,1.25
1629,14
1630,8000/3
1631,6
1632,36
1633,2.5
1634,8.5
1635,2000
1636,90
1637,54
1638,8
1639,0.16
1640,96
1641,28
1642,136
1643,720
1644,12.36
1645,62.5
1646,4
1647,0.0125
1648,300
1649,9
1650,1770
1651,50
1652,67
1653,2
1654,98%
1655,5760
1656,4.24
1657,1200
1658,31
1659,0.2
1660,120
1661,4
1662,36
1663,10
1664,3.2
1665,7
1666,23
1667,780
1668,625
1669,54.5
1670,9/50
1671,50945
1672,420
1673,32
1674,50
1675,45
1676,360
1677,25
1678,138
1679,5000
1680,16.47
1681,520
1682,142
1683,600
1684,3
1685,54
1686,148.5
1687,210
1688,3141.76
1689,150
1690,1120
1691,4
1692,1.5
1693,0.25
1694,30.1568
1695,0
1696,10.4
1697,100
1698,30
1699,16
1700,4
1701,20
1702,164.91
1703,1
1704,4/3
1705,0.25
1706,8/9
1707,9
1708,600
1709,9
1710,384
1711,3400
1712,660
1713,2687
1714,528
1715,16
1716,5
1717,400
1718,8
1719,720
1720,0.4
1721,58
1722,7.5
1723,256
1724,40.82
1725,12
1726,15
1727,39.59
1728,12
1729,408
1730,6/5
1731,0.77
1732,110
1733,37.5
1734,25
1735,40
1736,12
1737,130
1738,240
1739,512
1740,23
1741,60
1742,80
1743,1380
1744,90
1745,450
1746,80
1747,0.36
1748,200
1749,180
1750,114
1751,230
1752,7
1753,1.74
1754,25
1755,45
1756,7/12
1757,300
1758,31.4
1759,140
1760,17
1761,192
1762,32.13
1763,470
1764,25/7
1765,300
1766,51
1767,10
1768,36
1769,8
1770,1
1771,5/4
1772,9.9
1773,2700
1774,12.8
1775,700
1776,1440
1777,400
1778,22560
1779,1030
1780,50
1781,9
1782,1175
1783,1800
1784,69
1785,2
1786,9
1787,6
1788,952
1789,6
1790,600
1791,250
1792,20
1793,10660
1794,6
1795,22
1796,5
1797,115
1798,24
1799,500
1800,4.6
1801,3/19
1802,3360
1803,6480
1804,3.5
1805,900
1806,7200
1807,16
1808,40
1809,8
1810,660
1811,8
1812,65.34
1813,30
1814,7
1815,60
1816,2
1817,20
1818,102
1819,72
1820,7040
1821,9
1822,4
1823,9
1824,21356
1825,1295
1826,10
1827,5
1828,50
1829,439.6
1830,40
1831,3
1832,12
1833,5808
1834,272
1835,785
1836,777
1837,4
1838,89
1839,4
1840,120
1841,2
1842,12
1843,4
1844,2.8
1845,75
1846,25
1847,702
1848,9
1849,3000
1850,818
1851,151.8
1852,35
1853,1035
1854,3
1855,12
1856,600
1857,95000
1858,3
1859,625
1860,95
1861,3.4
1862,96
1863,12
1864,7
1865,14
1866,1210
1867,4
1868,18
1869,6720
1870,5880
1871,30
1872,5400
1873,8000
1874,9.42
1875,11
1876,24
1877,6
1878,126
1879,45
1880,25.905
1881,7.35
1882,6
1883,4228
1884,1088
1885,10
1886,20
1887,3.2
1888,960
1889,3
1890,16
1891,52
1892,54
1893,28.26
1894,200
1895,494084
1896,0.1333
1897,3
1898,42
1899,40
1900,6
1901,40
1902,3.6
1903,2.1
1904,3
1905,72
1906,21
1907,888
1908,27
1909,16.8
1910,9
1911,1460
1912,12
1913,9
1914,0.135
1915,108
1916,36
1917,11
1918,16
1919,96
1920,12
1921,153
1922,11
1923,5106
1924,13
1925,0.984
1926,7.9
1927,72
1928,3
1929,754
1930,20
1931,400
1932,160
1933,432
1934,4650
1935,3
1936,1080
1937,2.826
1938,11
1939,41
1940,400
1941,1.7
1942,20
1943,2000
1944,55.5
1945,4
1946,605
1947,350
1948,24
1949,72
1950,25%
1951,7
1952,5
1953,1.6
1954,4
1955,4900
1956,17.5
1957,217
1958,78.5
1959,6
1960,16
1961,0.0533
1962,3740
1963,400
1964,39004
1965,48
1966,678
1967,280
1968,84.5
1969,11
1970,83.0
1971,10.25
1972,0.18
1973,7.08
1974,6
1975,42
1976,2.7
1977,60
1978,75
1979,7
1980,496
1981,3
1982,14.4
1983,25
1984,3
1985,42
1986,200
1987,6/3
1988,6
1989,2498
1990,201
1991,13
1992,972
1993,877.5
1994,22
1995,4605
1996,12
1997,18
1998,58
1999,160
2000,12
2001,168
2002,120
2003,81
2004,80
2005,45
2006,260
2007,155
2008,1000
2009,621
2010,2.1
2011,48
2012,2800
2013,0.045
2014,2
2015,135
2016,14
2017,3.4
2018,2.5
2019,3600
2020,70
2021,96
2022,300
2023,400
2024,1
2025,20.76
2026,50
2027,15
2028,4
2029,15%
2030,25%
2031,4
2032,63
2033,22
2034,8640
2035,4600
2036,648
2037,720
2038,384
2039,3
2040,1.6
2041,1130.64
2042,118000
2043,5
2044,0.5
2045,4
2046,240
2047,6
2048,7
2049,20
2050,1
2051,1199
2052,21
2053,758.4
2054,20
2055,307.04
2056,54
2057,625
2058,1.875
2059,47500
2060,60
2061,42
2062,5415
2063,30.2
2064,24
2065,340
2066,7500
2067,32
2068,3.1417
2069,315
2070,68
2071,270
2072,3
2073,96
2074,880
2075,123
2076,7200
2077,4
2078,153600
2079,2000
2080,2.56
2081,23
2082,35
2083,30
2084,0.045
2085,80
2086,1296
2087,54
2088,180
2089,1740
2090,112
2091,108
2092,4991.19
2093,900
2094,672
2095,36
2096,31.4
2097,240
2098,5
2099,6
2100,130
2101,1650
2102,20
2103,96
2104,96
2105,42
2106,1
2107,50.24
2108,1560
2109,2464
2110,358
2111,4
2112,56
2113,19.008
2114,160
2115,622
2116,4
2117,190
2118,157
2119,84
2120,15
2121,1088
2122,75.36
2123,7.065
2124,1.1
2125,2
2126,830
2127,99
2128,268
2129,80
2130,5/12
2131,300
2132,16
2133,3740
2134,7
2135,150
2136,22
2137,7
2138,14
2139,12
2140,3
2141,8
2142,11
2143,12
2144,4
2145,9
2146,1344
2147,24
2148,9/8
2149,10
2150,843.7
2151,54
2152,3.75
2153,1200
2154,709
2155,4
2156,9
2157,120
2158,15
2159,48.384
2160,120
2161,480
2162,720
2163,24
2164,22
2165,70
2166,124
2167,470
2168,1
2169,1.8
2170,2.5
2171,3
2172,32.5%
2173,10983
2174,6
2175,12%
2176,62.5%
2177,17
2178,350
2179,90
2180,2490
2181,180
2182,715
2183,13
2184,1710
2185,20
2186,0.2375
2187,441
2188,744
2189,300
2190,900
2191,12
2192,30
2193,56
2194,5
2195,3400
2196,24
2197,2
2198,39
2199,12
2200,220
2201,176
2202,2520
2203,11400
2204,3
2205,4
2206,18
2207,280
2208,16
2209,210
2210,496
2211,306.1
2212,235
2213,24
2214,1.24
2215,9
2216,9
2217,636
2218,10
2219,20
2220,10890
2221,507
2222,495
2223,45
2224,49.25
2225,62.5
2226,48
2227,80
2228,12.56
2229,2000
2230,1256
2231,4
2232,5
2233,15.75
2234,0.75
2235,1.04
2236,18
2237,52
2238,32
2239,2000
2240,1500
2241,4860
2242,272
2243,6290
2244,45
2245,1.5
2246,13
2247,182
2248,4.5
2249,750
2250,376.8
2251,360
2252,114
2253,24
2254,1440
2255,9
2256,60
2257,5650
2258,32
2259,2
2260,320
2261,16%
2262,22%
2263,10.2
2264,6
2265,2.5
2266,232
2267,22.5
2268,26
2269,8
2270,5
2271,300
2272,44.0
2273,96
2274,4
2275,729
2276,1053
2277,320
2278,10
2279,1.84
2280,45
2281,1260
2282,3000
2283,1190
2284,3500
2285,60
2286,50
2287,15
2288,10
2289,88
2290,100
2291,22.5
2292,45
2293,60
2294,66
2295,31.4
2296,72
2297,18
2298,20
2299,125.6
2300,24
2301,1
2302,480
2303,5/3
2304,94
2305,7
2306,18
2307,122
2308,14
2309,8
2310,8
2311,6
2312,20
2313,960
2314,5250
2315,6
2316,1394
2317,420
2318,14.4
2319,16
2320,63
2321,360
2322,160
2323,22.4
2324,75
2325,900
2326,1537
2327,280
2328,1
2329,13
2330,75
2331,6
2332,0.389
2333,4200
2334,0.624
2335,300
2336,75
2337,5
2338,826
2339,2
2340,97
2341,1520
2342,7.8
2343,53
2344,1/28
2345,126
2346,52
2347,144
2348,48
2349,327
2350,1080
2351,50
2352,60
2353,12
2354,90
2355,240
2356,51
2357,13
2358,250
2359,1243
2360,73.8%
2361,13
2362,448
2363,8.8
2364,476
2365,328
2366,20
2367,1.0016
2368,20
2369,5
2370,48
2371,7
2372,11.304
2373,270
2374,48
2375,32
2376,19
2377,43
2378,8
2379,6
2380,90
2381,24
2382,17/2
2383,1126
2384,870
2385,222
2386,440
2387,920
2388,15
2389,0.75
2390,20
2391,720
2392,210
2393,1.5
2394,27.8
2395,5
2396,68
2397,29
2398,7626
2399,225%
2400,14.7
2401,52
2402,0.1
2403,16
2404,70
2405,8
2406,55
2407,15.4
2408,12
2409,50.24
2410,4
2411,80
2412,5
2413,4
2414,14
2415,120
2416,12.57
2417,2520
2418,56
2419,20
2420,0.09
2421,1200
2422,3
2423,2.5
2424,4.5
2425,1080
2426,192
2427,8
2428,75
2429,3.6
2430,15
2431,35
2432,48
2433,7.8
2434,100
2435,12
2436,178.6
2437,38.4
2438,32
2439,8
2440,26
2441,189
2442,36
2443,25
2444,26.5
2445,8
2446,48
2447,380
2448,28
2449,37920
2450,16.5
2451,30
2452,60
2453,381
2454,60
2455,25
2456,20%
2457,176
2458,5
2459,1256
2460,60
2461,6
2462,3
2463,28
2464,79.77
2465,81
2466,50.24
2467,10
2468,19
2469,166.4
2470,16
2471,44
2472,6
2473,120
2474,0.24
2475,80
2476,25
2477,35
2478,5
2479,60
2480,15
2481,12
2482,24
2483,4
2484,12.56
2485,600
2486,10
2487,1628
2488,4
2489,8
2490,3
2491,10
2492,12
2493,2
2494,80
2495,98
2496,50
2497,9800
2498,3/4
2499,25
2500,125
2501,140
2502,2000
2503,170
2504,90%
2505,9
2506,6
2507,27
2508,216
2509,30
2510,600
2511,113.04
2512,7630
2513,39.4
2514,3.23
2515,56
2516,7.08
2517,30.144
2518,37.26
2519,3
2520,200.5
2521,5840
2522,28.26
2523,4
2524,12
2525,2720
2526,45
2527,72
2528,40
2529,66
2530,12
2531,18
2532,10
2533,196
2534,8
2535,26.95
2536,80
2537,180
2538,0.4
2539,144
2540,8
2541,8
2542,10
2543,2
2544,300
2545,12
2546,1056
2547,200
2548,900
2549,22
2550,4
2551,5
2552,240
2553,12.5%
2554,2
2555,4
2556,49
2557,301.44
2558,7.5
2559,480
2560,48%
2561,8
2562,9.2
2563,1/14
2564,7/2
2565,568.4
2566,70
2567,200.96
2568,1800
2569,720
2570,168
2571,2940
2572,8
2573,3
2574,45
2575,60
2576,4
2577,0.1
2578,28.26
2579,100
2580,960
2581,12
2582,32
2583,1
2584,4
2585,1.6
2586,48
2587,20
2588,9
2589,8
2590,2.1875
2591,23
2592,45
2593,220
2594,240
2595,400
2596,90
2597,47.7
2598,43.2
2599,60
2600,125
2601,480
2602,2700
2603,7.2
2604,1600
2605,72
2606,28
2607,40000000
2608,6400
2609,20
2610,240/7
2611,12.56
2612,1344
2613,375
2614,1750
2615,12
2616,78.4
2617,1800
2618,780
2619,4
2620,95.83%
2621,0.2
2622,89%
2623,8
2624,4
2625,23.432
2626,128
2627,180
2628,85.7
2629,150
2630,690
2631,3
2632,4
2633,74
2634,0.6
2635,200
2636,5
2637,3.6
2638,20
2639,6
2640,3
2641,9.23
2642,9
2643,96
2644,31
2645,80
2646,34
2647,42
2648,800
2649,720
2650,0.8
2651,9.36
2652,4
2653,90
2654,450
2655,18
2656,5
2657,4
2658,4.5
2659,72.2
2660,37.68
2661,80
2662,6
2663,9
2664,360
2665,1152
2666,34
2667,0.987
2668,30
2669,90
2670,8.46
2671,60
2672,35
2673,47
2674,20
2675,35
2676,24
2677,-1
2678,704
2679,708.96
2680,60
2681,8
2682,150
2683,6000000
2684,200000000
2685,2800
2686,75%
2687,400000000
2688,12
2689,4
2690,330
2691,5440
2692,75
2693,246
2694,-7.5
2695,10
2696,39.4
2697,530
2698,3
2699,18
2700,9
2701,10
2702,1200
2703,50
2704,84
2705,200
2706,5
2707,6
2708,6
2709,3.7
2710,0.0864
2711,13
2712,108.5
2713,720
2714,2
2715,370
2716,114.96
2717,8.25
2718,24
2719,12.5
2720,12000
2721,1752
2722,19200
2723,2223
2724,20400
2725,18/11
2726,3
2727,56
2728,2220
2729,10
2730,139
2731,210
2732,8
2733,200
2734,20
2735,15
2736,4.5
2737,1
2738,6.37
2739,22
2740,1.5
2741,10
2742,4
2743,238
2744,40
2745,45
2746,1029
2747,24
2748,90
2749,320
2750,26
2751,16
2752,1000
2753,5
2754,2
2755,117.69
2756,1.26
2757,200
2758,96
2759,140
2760,2
2761,210
2762,720
2763,432
2764,116
2765,20.8
2766,4
2767,0.5
2768,419
2769,30/17
2770,10
2771,90
2772,6
2773,68
2774,68
2775,24
2776,5
2777,84
2778,100
2779,250
2780,12.33
2781,7
2782,4.8
2783,12
2784,375
2785,7
2786,940
2787,32
2788,392
2789,13
2790,7
2791,31/9
2792,36
2793,12
2794,50
2795,50
2796,63
2797,90
2798,5
2799,6
2800,5
2801,520
2802,7
2803,10
2804,3069
2805,250
2806,30
2807,15
2808,25
2809,16
2810,7.356
2811,2592
2812,77
2813,15
2814,150.72
2815,3.5
2816,16
2817,9000
2818,49
2819,120
2820,3.14
2821,130
2822,320
2823,3.6
2824,6
2825,70
2826,1280
2827,3
2828,250
2829,32
2830,1/6
2831,17
2832,0.6
2833,18
2834,358
2835,6
2836,19
2837,920
2838,240
2839,25
2840,8
2841,48
2842,112
2843,87
2844,160
2845,16532
2846,4
2847,48
2848,1884
2849,94
2850,9
2851,50.24
2852,2.16
2853,200
2854,49
2855,92%
2856,68
2857,28
2858,3
2859,1.5
2860,5300
2861,308
2862,7
2863,2.1
2864,14
2865,16
2866,10
2867,50
2868,4.71
2869,1000
2870,72
2871,600
2872,1188
2873,4
2874,51.2
2875,750
2876,5
2877,20%
2878,910
2879,32
2880,6
2881,7200
2882,96
2883,30
2884,1.33
2885,6
2886,18
2887,1256
2888,1380
2889,125.6
2890,1610
2891,270
2892,1.596
2893,220
2894,320
2895,100
2896,2
2897,46
2898,2370
2899,1375
2900,18
2901,527
2902,125
2903,9
2904,15
2905,132
2906,3
2907,40
2908,50.24
2909,130
2910,7
2911,11
2912,505
2913,66
2914,20
2915,40
2916,15
2917,17.5
2918,55
2919,379
2920,160
2921,24
2922,64
2923,6600
2924,0.8
2925,8.09
2926,10000
2927,6
2928,55
2929,8
2930,1320
2931,16
2932,82
2933,35
2934,60
2935,50.24
2936,40
2937,78.5
2938,8
2939,1.14
2940,888
2941,326
2942,942
2943,52
2944,12
2945,14.13
2946,800
2947,67.92
2948,45
2949,421
2950,33
2951,3.07
2952,96
2953,75
2954,250
2955,16.875
2956,35
2957,2
2958,36
2959,80
2960,4
2961,37
2962,7
2963,25
2964,16
2965,12.5
2966,40
2967,81
2968,90
2969,72
2970,18
2971,21.32
2972,360
2973,40
2974,8.4
2975,12
2976,16
2977,376.8
2978,180
2979,60
2980,36
2981,89.6%
2982,30
2983,3400
2984,445
2985,175
2986,1.68
2987,4
2988,96
2989,45
2990,0.16
2991,800
2992,50
2993,143.3
2994,1400
2995,32
2996,720
2997,23
2998,18
2999,5
3000,40
3001,192
3002,88
3003,3
3004,0.15
3005,20
3006,27
3007,19
3008,126
3009,135.7
3010,38.75
3011,7.4
3012,7776
3013,1271
3014,1.0452
3015,800
3016,7
3017,750
3018,80
3019,135
3020,50
3021,4
3022,40
3023,15
3024,22
3025,92
3026,80
3027,7200
3028,9.42
3029,144
3030,0.025
3031,742
3032,12
3033,18/5
3034,8
3035,80
3036,140
3037,5
3038,13.78%
3039,0.06
3040,439.6
3041,1
3042,7
3043,3.33
3044,150
3045,15
3046,366
3047,1680
3048,0.67
3049,160
3050,5.2
3051,60
3052,52
3053,27
3054,54
3055,60
3056,400
3057,-9
3058,415
3059,537.6
3060,3000
3061,1248
3062,62.8
3063,50.24
3064,125
3065,65
3066,1600
3067,75
3068,140
3069,8
3070,120
3071,3540
3072,150%
3073,92
3074,4.2
3075,2975
3076,13
3077,15148
3078,72
3079,45
3080,57
3081,80
3082,12560
3083,1.45
3084,12
3085,54
3086,600
3087,20
3088,6
3089,57
3090,98%
3091,80
3092,18
3093,45
3094,96.8
3095,141.28
3096,29.5
3097,1
3098,628
3099,3
3100,2.39
3101,400/314
3102,49
3103,24
3104,64
3105,12
3106,28.8
3107,900
3108,40
3109,3.36
3110,4
3111,360
3112,192
3113,160
3114,470
3115,1.2
3116,375
3117,240
3118,15
3119,45
3120,9.5
3121,360
3122,348.75
3123,3
3124,18
3125,160
3126,750
3127,70
3128,300
3129,400
3130,3250
3131,35
3132,9
3133,5.7
3134,5000
3135,20
3136,47.0
3137,120
3138,640
3139,64
3140,380
3141,12000
3142,25
3143,27
3144,8
3145,508
3146,7
3147,6
3148,1.0
3149,600
3150,10
3151,36
3152,6
3153,5
3154,2.2
3155,6528
3156,4
3157,0.2
3158,25
3159,16
3160,200
3161,25.6
3162,1920
3163,20%
3164,1.44
3165,192
3166,45
3167,8
3168,100
3169,7
3170,160
3171,160
3172,32
3173,15
3174,76
3175,400
3176,1891
3177,41
3178,624
3179,48
3180,2700
3181,36.3
3182,2.7
3183,0.7
3184,720
3185,180
3186,3.7
3187,121
3188,807
3189,5
3190,8
3191,102
3192,69
3193,60
3194,720
3195,30
3196,52
3197,6400
3198,1800
3199,465
3200,70
3201,96
3202,3600
3203,48
3204,78
3205,37
3206,315
3207,85
3208,93
3209,85
3210,120
3211,9.78
3212,72
3213,8
3214,9
3215,75
3216,598
3217,800
3218,24
3219,130
3220,11
3221,4
3222,12
3223,210
3224,360
3225,175
3226,160
3227,3
3228,5
3229,8
3230,2520
3231,384
3232,360
3233,0.42
3234,38
3235,2880
3236,432
3237,3250
3238,175
3239,85
3240,63
3241,9900
3242,1158
3243,1160
3244,1029
3245,4
3246,1820
3247,370
3248,1050
3249,3600
3250,280
3251,861
3252,300
3253,1200
3254,1
3255,3
3256,25
3257,3
3258,8
3259,4
3260,1692
3261,8
3262,15
3263,24
3264,3
3265,6
3266,320
3267,480
3268,35
3269,186
3270,225
3271,24
3272,27
3273,8
3274,75
3275,336
3276,180
3277,35
3278,310
3279,626
3280,653
3281,5000
3282,6
3283,130
3284,1208
3285,1/4
3286,12
3287,9
3288,53
3289,5400
3290,250
3291,218
3292,1200
3293,9
3294,45
3295,29
3296,86
3297,200
3298,1000
3299,105
3300,3
3301,27
3302,224
3303,109
3304,99
3305,11
3306,447
3307,477
3308,103
3309,39
3310,4152
3311,660
3312,84
3313,9
3314,31
3315,7
3316,63
3317,315
3318,209
3319,8
3320,220
3321,54
3322,605
3323,21
3324,9600
3325,150000
3326,25
3327,1425
3328,1425
3329,48
3330,135
3331,90
3332,250
3333,4320
3334,525
3335,240
3336,203
3337,31
3338,400
3339,576
3340,150
3341,720
3342,95
3343,4
3344,569
3345,8
3346,100
3347,15
3348,2400
3349,180
3350,32
3351,13
3352,13
3353,48
3354,39
3355,2600
3356,784
3357,130
3358,60
3359,86
3360,220
3361,520
3362,204
3363,252
3364,35
3365,40
3366,37
3367,300
3368,113
3369,10
3370,13500
3371,24645
3372,4368
3373,810
3374,17.33
3375,40
3376,9
3377,910
3378,300
3379,256
3380,27
3381,1043
3382,105
3383,117
3384,1122
3385,84
3386,25
3387,15
3388,24
3389,25
3390,98
3391,432
3392,960
3393,60
3394,40
3395,130
3396,24
3397,25
3398,75
3399,100
3400,845
3401,90
3402,5
3403,52
3404,30
3405,46
3406,214
3407,400
3408,40
3409,26
3410,100000
3411,6
3412,720
3413,4185
3414,573
3415,207
3416,5
3417,5
3418,16
3419,2250
3420,52
3421,55
3422,552
3423,4854
3424,1764
3425,3
3426,6240
3427,432
3428,0.28
3429,25
3430,12
3431,37
3432,708
3433,8
3434,131
3435,33.65
3436,52
3437,8
3438,0.75
3439,87
3440,5.4
3441,390
3442,60
3443,1
3444,1950
3445,279
3446,700
3447,5.6
3448,120
3449,96
3450,1400
3451,172
3452,5200
3453,45.5
3454,8
3455,98
3456,3
3457,265
3458,100
3459,8
3460,33
3461,3
3462,15
3463,3.36
3464,9
3465,3
3466,180
3467,180
3468,58
3469,430
3470,4.9
3471,15
3472,7
3473,1000
3474,25
3475,80
3476,23
3477,21
3478,8
3479,600
3480,198
3481,4.86
3482,33
3483,105
3484,800
3485,64
3486,12
3487,72
3488,288
3489,150
3490,15
3491,192
3492,14
3493,882
3494,10
3495,15
3496,5
3497,18
3498,2
3499,6
3500,6
3501,16
3502,100
3503,800
3504,4
3505,3120
3506,14
3507,35
3508,275
3509,128
3510,240
3511,420
3512,12
3513,3750
3514,56.5
3515,5760
3516,352
3517,6
3518,6
3519,4500
3520,192
3521,8
3522,24
3523,6
3524,65
3525,500
3526,150
3527,78
3528,4.5
3529,58
3530,4
3531,8
3532,8
3533,488
3534,0.2
3535,0.2
3536,9
3537,6
3538,192
3539,276
3540,50
3541,2400
3542,12180
3543,2600
3544,6
3545,5
3546,2
3547,1494
3548,588
3549,2000
3550,8
3551,75
3552,4
3553,5050
3554,205
3555,720
3556,316
3557,7
3558,250000
3559,419
3560,428
3561,1400
3562,840
3563,9
3564,38
3565,175
3566,32
3567,4428
3568,1512
3569,2
3570,12
3571,7
3572,8
3573,35
3574,42
3575,260
3576,6
3577,5
3578,24
3579,34
3580,10800
3581,80
3582,19
3583,24
3584,337.5
3585,40889
3586,80
3587,1395
3588,6480
3589,23
3590,4500
3591,52
3592,144
3593,20
3594,4.83
3595,2000
3596,15
3597,5
3598,23
3599,3
3600,194
3601,90400
3602,74
3603,817
3604,1500
3605,640
3606,40
3607,15
3608,100
3609,5
3610,9
3611,25
3612,90600
3613,22
3614,945
3615,8
3616,480
3617,112
3618,2.56
3619,3.75
3620,240
3621,5
3622,450
3623,120
3624,10
3625,760
3626,102
3627,200
3628,1080
3629,388
3630,1200
3631,920
3632,3060
3633,13000
3634,3575
3635,125
3636,140
3637,495
3638,15
3639,300
3640,18
3641,6
3642,108
3643,3330
3644,21.45
3645,24
3646,18
3647,2450
3648,3
3649,690
3650,20
3651,3
3652,48
3653,250
3654,168
3655,1.2
3656,161
3657,1035
3658,70
3659,982
3660,24
3661,3600
3662,1.5
3663,81
3664,47
3665,566
3666,103
3667,40
3668,485
3669,588
3670,2916
3671,1440
3672,13
3673,100
3674,2.5
3675,640
3676,47395
3677,0.119
3678,5.7
3679,5920
3680,9720
3681,880
3682,76
3683,6
3684,12
3685,136
3686,1536
3687,400
3688,1000
3689,384
3690,100
3691,45
3692,8
3693,38
3694,1058
3695,504
3696,40
3697,2
3698,1875
3699,238
3700,1632
3701,240
3702,880
3703,4
3704,1350
3705,4
3706,4500
3707,120
3708,8
3709,44
3710,1/48
3711,104
3712,360
3713,45
3714,96
3715,570
3716,10000
3717,509
3718,34
3719,684
3720,8
3721,318
3722,655
3723,72
3724,158250
3725,7
3726,8
3727,60
3728,11
3729,4
3730,1250
3731,84
3732,200
3733,67
3734,534
3735,366.7
3736,107
3737,1267
3738,640
3739,14000
3740,429
3741,600
3742,104
3743,4710
3744,70
3745,450
3746,212
3747,8
3748,300
3749,150
3750,2668
3751,360
3752,50
3753,288
3754,1176
3755,1080
3756,37
3757,52
3758,3360
3759,5000
3760,270
3761,96
3762,80
3763,3
3764,425
3765,11
3766,4
3767,780
3768,300
3769,54
3770,49
3771,1680
3772,108
3773,7
3774,500
3775,11
3776,20000
3777,57
3778,76825
3779,8
3780,552
3781,15
3782,11
3783,175
3784,120
3785,160
3786,23800
3787,68
3788,414
3789,360
3790,0.65
3791,3430
3792,126
3793,65
3794,190
3795,93.6
3796,24
3797,8
3798,102
3799,763
3800,1100
3801,50
3802,8020
3803,3
3804,12
3805,84
3806,1679
3807,4400
3808,54
3809,9
3810,456
3811,144
3812,60
3813,45
3814,900
3815,24
3816,667
3817,90
3818,45
3819,36
3820,11850
3821,60
3822,36
3823,20
3824,120
3825,4
3826,36
3827,25
3828,2160
3829,1770
3830,167.5
3831,43.2
3832,112000
3833,14
3834,450
3835,60
3836,768
3837,4
3838,45
3839,2970
3840,81
3841,1232
3842,192
3843,3767
3844,1.5
3845,6
3846,8
3847,576
3848,82
3849,5850
3850,90
3851,256
3852,1.5
3853,54
3854,2520
3855,350
3856,96
3857,216
3858,455
3859,75
3860,960
3861,96
3862,140
3863,1440
3864,468
3865,3900
3866,1680
3867,375
3868,368
3869,5000
3870,1
3871,40
3872,28
3873,960
3874,20
3875,5760
3876,54
3877,120
3878,626
3879,28.57
3880,3.2
3881,0.57
3882,12
3883,36
3884,29
3885,2
3886,21.6
3887,20.4
3888,8
3889,1200
3890,144
3891,8
3892,1.46
3893,108
3894,7/10
3895,24
3896,270
3897,9
3898,12
3899,5.6
3900,28
3901,144
3902,40
3903,2800
3904,2
3905,61
3906,144
3907,168
3908,640
3909,0.36
3910,410
3911,6
3912,91
3913,140
3914,18034
3915,2880
3916,510
3917,10
3918,3360
3919,312
3920,150
3921,610
3922,2100
3923,45
3924,750
3925,45
3926,20
3927,240
3928,225
3929,1800
3930,64
3931,4.08
3932,80
3933,98
3934,95
3935,25
3936,1680
3937,16.2
3938,651
3939,9720
3940,396
3941,1247
3942,6
3943,768
3944,20
3945,5
3946,204
3947,3.17
3948,40
3949,4.7
3950,1035
3951,420
3952,8
3953,324
3954,462
3955,200
3956,682
3957,8
3958,6
3959,16
3960,49
3961,162
3962,36
3963,375
3964,437
3965,70
3966,60
3967,43
3968,384
3969,10
3970,24
3971,80
3972,106
3973,422
3974,60
3975,40
3976,13
3977,8
3978,20
3979,780
3980,8
3981,-21
3982,3.2
3983,360
3984,576
3985,2650
3986,51
3987,5
3988,768
3989,70
3990,2100
3991,10
3992,30.6
3993,80
3994,816
3995,13
3996,9
3997,46
3998,600
3999,6
4000,99
4001,19
4002,1657
4003,1744
4004,7038
4005,60
4006,45.6
4007,15
4008,65
4009,576
4010,100
4011,50
4012,50
4013,15
4014,135
4015,80
4016,20
4017,706
4018,12.6
4019,18.4
4020,63
4021,0.756
4022,8
4023,230
4024,74
4025,600
4026,14
4027,24
4028,50
4029,5
4030,40
4031,6
4032,60
4033,960
4034,17
4035,145
4036,4
4037,226.5
4038,9160
4039,164.1
4040,90
4041,500
4042,50
4043,800
4044,12
4045,160
4046,2400
4047,1500
4048,88
4049,792
4050,3
4051,4
4052,300
4053,18
4054,72
4055,126
4056,54
4057,250
4058,234
4059,24
4060,240
4061,3090
4062,2880
4063,645
4064,3
4065,621
4066,152
4067,5400
4068,19
4069,1008
4070,10.4
4071,6000
4072,79
4073,220
4074,1400
4075,182
4076,30
4077,6
4078,13.25
4079,32
4080,6
4081,176
4082,965
4083,1712
4084,1.8
4085,4200
4086,129
4087,1442
4088,1200
4089,10
4090,48
4091,930
4092,138.5
4093,80
4094,9600
4095,2884
4096,2
4097,3.07
4098,44550
4099,2040
4100,120
4101,690
4102,800
4103,120
4104,57
4105,1600
4106,10
4107,576
4108,61
4109,3.3
4110,4
4111,6/5
4112,5
4113,35
4114,4220
4115,90
4116,8
4117,16
4118,12
4119,690
4120,24
4121,5
4122,22
4123,44
4124,5
4125,40
4126,1500
4127,1130
4128,98
4129,75
4130,9
4131,722
4132,1095
4133,32.4
4134,90
4135,10.9
4136,456
4137,9/2
4138,96
4139,14400
4140,50
4141,200
4142,2880
4143,675
4144,1112
4145,90
4146,43
4147,7
4148,8
4149,1163
4150,202
4151,30
4152,1
4153,504
4154,837
4155,5.4
4156,11.73
4157,424
4158,17
4159,60
4160,11
4161,240
4162,57.6
4163,1560
4164,72.5
4165,384
4166,34
4167,960
4168,16
4169,8
4170,64
4171,19
4172,791
4173,28800
4174,1728
4175,861
4176,28
4177,50.24
4178,189.76
4179,17.5
4180,20040000
4181,12
4182,80
4183,165
4184,200
4185,8.4
4186,20
4187,72
4188,75
4189,5
4190,81
4191,1256
4192,75
4193,6
4194,14%
4195,138.78
4196,100
4197,576
4198,50.24
4199,27
4200,1440
4201,54
4202,130
4203,40
4204,3.14
4205,18750
4206,9
4207,899
4208,136
4209,100
4210,83
4211,21
4212,60
4213,60
4214,450
4215,25/8
4216,4
4217,60
4218,125
4219,1050
4220,2
4221,80
4222,15.75
4223,384
4224,3.6
4225,615
4226,40
4227,180
4228,3
4229,31.4
4230,7
4231,8
4232,9.42
4233,12.5%
4234,50.24
4235,34
4236,31
4237,6480
4238,7
4239,90
4240,90
4241,30
4242,-5
4243,200
4244,60
4245,1280
4246,700
4247,36
4248,152
4249,1.5
4250,2.5
4251,33
4252,900
4253,7.85
4254,6
4255,3.8
4256,33.6
4257,2
4258,190
4259,60
4260,9
4261,548
4262,34
4263,738
4264,170
4265,8
4266,0.9
4267,39
4268,57
4269,35.86
4270,4
4271,6
4272,24
4273,63
4274,48
4275,540
4276,216
4277,140
4278,30
4279,4896
4280,311
4281,123.56
4282,45
4283,50
4284,27
4285,900
4286,33
4287,2700
4288,90
4289,489120
4290,14
4291,4.5
4292,5
4293,5855
4294,60
4295,144
4296,64
4297,458
4298,46
4299,480
4300,17
4301,80
4302,1440
4303,1.75
4304,480
4305,76.8
4306,37
4307,7
4308,4
4309,200
4310,75
4311,3600
4312,30
4313,96
4314,20
4315,10%
4316,2646
4317,80
4318,47
4319,18
4320,187
4321,4
4322,255
4323,22
4324,9
4325,75.36
4326,51.06
4327,1.83
4328,70
4329,-3.96
4330,256
4331,2606
4332,15
4333,288
4334,342
4335,39
4336,40
4337,64
4338,32
4339,48
4340,18%
4341,270
4342,45
4343,7200
4344,44
4345,10.5
4346,40%
4347,25.4
4348,1/3
4349,5.6
4350,12
4351,76
4352,6
4353,16
4354,2.5
4355,2.6
4356,15
4357,40
4358,1.82
4359,18
4360,200
4361,2.375
4362,3
4363,8
4364,500
4365,45
4366,60
4367,28/45
4368,30000
4369,270
4370,42
4371,0.106625
4372,22
4373,36
4374,6
4375,3/5
4376,12
4377,1160
4378,50
4379,10.5
4380,6
4381,100
4382,47.1
4383,45
4384,284
4385,120
4386,9
4387,0.67
4388,120
4389,8
4390,2000
4391,1568
4392,32
4393,3.2
4394,70
4395,6400
4396,6400
4397,60000
4398,8
4399,3
4400,7
4401,1470
4402,16
4403,8
4404,86.4
4405,32
4406,7
4407,16.8
4408,15
4409,6
4410,3
4411,1.10
4412,144
4413,506
4414,103
4415,52
4416,25
4417,80
4418,1256.64
4419,270
4420,8
4421,75
4422,26
4423,0.4
4424,36784
4425,60
4426,12600
4427,126
4428,125.6
4429,25.12
4430,90.5
4431,20
4432,1/2
4433,96
4434,8/7
4435,420
4436,100
4437,14
4438,12.56
4439,9.42
4440,10
4441,2000
4442,4%
4443,94.2
4444,280
4445,40
4446,480
4447,76
4448,50.24
4449,67.68
4450,113.04
4451,3
4452,15.76
4453,5
4454,160
4455,48
4456,94500
4457,5
4458,5
4459,12
4460,2.16
4461,141.3
4462,160
4463,217.92
4464,125.6
4465,28.26
4466,12.56
4467,17.44
4468,60
4469,840
4470,720
4471,450
4472,28.26
4473,4.36
4474,448
4475,75.36
4476,8
4477,1
4478,840
4479,120
4480,150
4481,23
4482,502.4
4483,480
4484,240
4485,150
4486,4608
4487,6
4488,6
4489,12.56
4490,78.5
4491,0.9
4492,62.8
4493,14.5
4494,16800
4495,36.67
4496,12.56
4497,20
4498,20
4499,50
4500,269.5
4501,76.5
4502,18
4503,1260
4504,0.25
4505,70%
4506,62.8
4507,12.56
4508,15.7
4509,4756
4510,25
4511,600
4512,12
4513,7.0
4514,6
4515,8
4516,12.56
4517,254.36
4518,63.65
4519,34
4520,1
4521,9
4522,1600
4523,15.7
4524,51.096
4525,713408
4526,352
4527,134.4
4528,750
4529,360
4530,600
4531,75
4532,5000
4533,1.125
4534,100
4535,768
4536,135
4537,11304
4538,0.01
4539,219.8
4540,2300
4541,34
4542,480
4543,28.26
4544,1
4545,87.75
4546,480
4547,14
4548,75
4549,602
4550,50.28
4551,20%
4552,11.44
4553,108
4554,41.6
4555,3
4556,80.4
4557,678.5
4558,74
4559,9
4560,1
4561,28.26
4562,3
4563,375
4564,5.5
4565,16
4566,250
4567,12.57
4568,314
4569,97.8%
4570,56
4571,48400
4572,8
4573,157
4574,125.6
4575,6
4576,2
4577,36064
4578,705.44
4579,5.76
4580,4/3
4581,18.84
4582,180
4583,3456
4584,24/5
4585,6.28
4586,9.42
4587,4
4588,0
4589,21/5
4590,45
4591,4
4592,400
4593,2200
4594,17
4595,30/19
4596,20
4597,60/7
4598,14
4599,62.5
4600,188.4
4601,5024
4602,30
4603,180
4604,2.512
4605,3.14
4606,706.85
4607,9.84
4608,240
4609,3974
4610,300
4611,167
4612,19.625
4613,62.8
4614,1.56
4615,9.42
4616,1.5
4617,3140
4618,240
4619,205
4620,12.56
4621,120%
4622,12
4623,1500
4624,7.5
4625,400
4626,8
4627,0.78
4628,90
4629,3.75
4630,27.6
4631,1125
4632,73.44
4633,9.8
4634,26
4635,41
4636,33
4637,22008
4638,5.4
4639,4
4640,45
4641,π - 1
4642,7.85
4643,70.585
4644,625
4645,3544
4646,1.5
4647,448
4648,12
4649,2
4650,4
4651,50
4652,20
4653,34.2
4654,1000
4655,2.0
4656,1890
4657,576
4658,20
4659,8.4
4660,0.25
4661,1530
4662,5211
4663,3
4664,4
4665,125.6
4666,568
4667,6.28
4668,9
4669,7850
4670,32
4671,502.4
4672,46.4
4673,540
4674,56
4675,3
4676,628
4677,16%
4678,67.85
4679,9.44
4680,42
4681,1/10
4682,25
4683,8
4684,637.5
4685,53680
4686,1
4687,200
4688,900
4689,7/15
4690,1.35
4691,60
4692,75
4693,54.51
4694,16.5
4695,87.92
4696,40
4697,5.97
4698,31.25
4699,78.5
4700,1177.5
4701,100.48
4702,35
4703,4
4704,6
4705,30
4706,750
4707,54
4708,469
4709,25
4710,10%
4711,235
4712,15708
4713,112
4714,0.5436
4715,0.33
4716,3.14
4717,25.12
4718,630
4719,17.85
4720,1/4
4721,562
4722,894
4723,18
4724,50.24
4725,56.52
4726,27
4727,20
4728,78.5
4729,50
4730,2.48
4731,100
4732,1500
4733,36
4734,10240
4735,53.43
4736,7
4737,3
4738,1500
4739,3000
4740,31.54
4741,2848.98
4742,246.5
4743,15.36
4744,420
4745,21837.5
4746,18
4747,42
4748,78.96
4749,251.2
4750,540
4751,4
4752,11.44
4753,240
4754,1/12
4755,6720
4756,78.54
4757,5
4758,10000
4759,13334
4760,12.56
4761,15/7
4762,0.38
4763,200
4764,2262
4765,7
4766,118.56
4767,1256.64
4768,32
4769,15.0725
4770,100.32
4771,90.57
4772,13.09
4773,8250
4774,24
4775,20
4776,135.16
4777,3.925
4778,97.5%
4779,94.38
4780,20.09
4781,72.22
4782,25
4783,432
4784,564
4785,13100
4786,600
4787,600
4788,14
4789,0.785
4790,30
4791,477000
4792,78.5
4793,1256
4794,72
4795,251.2
4796,637.5
4797,390.48
4798,30
4799,5.652
4800,1570
4801,12.56
4802,4.68
4803,7.95
4804,85
4805,285.6
4806,360
4807,942
4808,22.5
4809,257187200
4810,113.04
4811,1884
4812,62.8
4813,800
4814,30
4815,512
4816,84%
4817,2/25
4818,14
4819,560
4820,50.25
4821,546.36
4822,19.74
4823,35
4824,10.44
4825,180
4826,25
4827,138
4828,196
4829,37.68
4830,785
4831,2826
4832,616
4833,6
4834,659.385
4835,80
4836,20.9
4837,30.36
4838,78.5
4839,9.42
4840,3
4841,8
4842,108
4843,5.6
4844,12.57
4845,259
4846,12
4847,45
4848,696
4849,384
4850,4
4851,40
4852,60
4853,4903
4854,8/15
4855,10
4856,324
4857,105
4858,50
4859,1/30
4860,225
4861,50.24
4862,5
4863,1.98
4864,4/15
4865,75.36
4866,15
4867,48/7
4868,189
4869,8.33
4870,84
4871,30
4872,50
4873,15072
4874,3014
4875,251.2
4876,314
4877,80π
4878,96
4879,4
4880,28.27
4881,8
4882,80
4883,3/10
4884,3.3
4885,450
4886,24
4887,5
4888,37
4889,14
4890,3
4891,30
4892,10
4893,1650
4894,15
4895,6
4896,62.5
4897,5
4898,3
4899,9
4900,32
4901,6
4902,90
4903,357
4904,62.8
4905,75.36
4906,20
4907,2
4908,600
4909,128
4910,1
4911,56.52
4912,5700
4913,3
4914,2
4915,47
4916,70.875
4917,12
4918,1
4919,40%
4920,700
4921,300
4922,9.8
4923,8
4924,22
4925,27
4926,2000
4927,7
4928,250
4929,17
4930,160
4931,18
4932,5
4933,6.8
4934,31.5
4935,13/40
4936,38
4937,1/6
4938,0.82
4939,6
4940,18
4941,3
4942,9
4943,90
4944,67.5
4945,8
4946,60/19
4947,314
4948,7
4949,3
4950,7
4951,5
4952,35
4953,30
4954,396
4955,1/5
4956,52
4957,13
4958,2
4959,50.24
4960,37.68
4961,60
4962,14%
4963,5/3
4964,6
4965,5
4966,83
4967,250
4968,52
4969,62
4970,68
4971,45
4972,68
4973,43
4974,28
4975,63
4976,21
4977,18
4978,17
4979,7
4980,56
4981,9
4982,84
4983,56
4984,63
4985,18
4986,16
4987,24
4988,27
4989,12
4990,35
4991,18
4992,4
4993,4
4994,6
4995,28
4996,48
4997,32
4998,94
4999,9
5000,36
5001,27
5002,32
5003,60
5004,78
5005,125
5006,34
5007,23
5008,8
5009,3
5010,61
5011,47
5012,8
5013,5
5014,7
5015,21
5016,6
5017,6
5018,26
5019,8
5020,8
5021,0
5022,32
5023,6
5024,9
5025,47
5026,98
5027,19
5028,28
5029,20
5030,7
5031,46
5032,44
5033,9
5034,17
5035,10
5036,2
5037,11
5038,38
5039,186
5040,8
5041,4
5042,20
5043,31
5044,62
5045,19
5046,6
5047,6
5048,12
5049,18
5050,13
5051,3
5052,11
5053,25
5054,31
5055,91
5056,35
5057,90
5058,56
5059,26
5060,155
5061,4
5062,55
5063,55
5064,6
5065,18
5066,30
5067,89
5068,97
5069,80
5070,3
5071,51
5072,88
5073,16
5074,24
5075,57
5076,26
5077,4
5078,42
5079,7
5080,27
5081,30
5082,31
5083,16
5084,6
5085,56
5086,32
5087,24
5088,18
5089,33
5090,32
5091,16
5092,24
5093,23
5094,8
5095,6
5096,8
5097,16
5098,15
5099,36
5100,22
5101,18
5102,6
5103,15
5104,49
5105,18
5106,33
5107,7
5108,19
5109,20
5110,82
5111,21
5112,8
5113,27
5114,798
5115,22
5116,24
5117,70
5118,942
5119,8
5120,19
5121,1600
5122,569
5123,23
5124,5907
5125,52
5126,32
5127,17
5128,700
5129,11.25
5130,5
5131,15
5132,270
5133,36
5134,76
5135,30
5136,2.1
5137,20
5138,4
5139,37.68
5140,8π
5141,3.49
5142,4
5143,1891
5144,36/5
5145,3
5146,108
5147,1460
5148,725
5149,78
5150,1612
5151,41
5152,300
5153,5
5154,14.58
5155,4860
5156,69.54
5157,15/8
5158,387.5
5159,240
5160,40
5161,255
5162,251
5163,60
5164,5000
5165,20
5166,24
5167,32
5168,6
5169,371.73
5170,215
5171,8.09
5172,0.984
5173,81
5174,14
5175,40
5176,729
5177,12
5178,1507.76
5179,"22,500"
5180,28
5181,0.4
5182,5000
5183,60
5184,32
5185,2
5186,1450
5187,2190
5188,2.8
5189,130000
5190,4
5191,5
5192,1.5
5193,16
5194,60
5195,75
5196,15
5197,2000
5198,18
5199,6
5200,960
5201,0.048
5202,15
5203,14
5204,84
5205,36.3
5206,12
5207,400
5208,9
5209,3
5210,60
5211,25.12
5212,2000
5213,10
5214,45
5215,3/8
5216,3
5217,9.41
5218,22
5219,96
5220,340
5221,2
5222,400
5223,80
5224,1200
5225,36
5226,75
5227,49
5228,27
5229,2000
5230,10.62
5231,12
5232,26.3
5233,24
5234,3360
5235,25200
5236,1399.2
5237,50
5238,21
5239,9
5240,5.8
5241,2875
5242,600
5243,50
5244,9600
5245,64
5246,45
5247,26
5248,99
5249,12
5250,7
5251,20
5252,160
5253,32
5254,15
5255,71
5256,2.7
5257,41
5258,50
5259,175
5260,33
5261,1100
5262,100
5263,500
5264,0.3
5265,10
5266,5
5267,116.3
5268,3060
5269,21
5270,14
5271,2/5
5272,6
5273,10
5274,145200
5275,96
5276,25
5277,177.2
5278,90%
5279,4560
5280,7
5281,320
5282,72
5283,1710
5284,80
5285,0.004792
5286,80.96
5287,188.4
5288,25
5289,10
5290,108
5291,60
5292,13600
5293,601
5294,1.6
5295,384
5296,30
5297,12
5298,1500
5299,36
5300,0.0504
5301,800
5302,315
5303,100
5304,40
5305,277.2
5306,30
5307,36
5308,4000
5309,400
5310,115.5
5311,16.8
5312,56
5313,20
5314,32
5315,90
5316,216
5317,10
5318,160
5319,960
5320,2900
5321,0.48
5322,48
5323,18.94375
5324,47.1
5325,60
5326,50
5327,36
5328,36
5329,20000
5330,3000
5331,5024
5332,1
5333,78
5334,36
5335,15200
5336,162
5337,218
5338,51
5339,50
5340,1193.33
5341,2000
5342,45
5343,384
5344,1.5366
5345,1130.88
5346,10
5347,108
5348,14
5349,250
5350,1920
5351,1477
5352,273.6
5353,2600
5354,3
5355,100
5356,7
5357,480
5358,-80
5359,1800
5360,0.009876
5361,18
5362,10
5363,89
5364,10
5365,37.5
5366,20000
5367,3.75
5368,22608
5369,0.2826
5370,396
5371,3
5372,6666
5373,180
5374,7
5375,25
5376,90
5377,50
5378,76
5379,312.5
5380,0.25
5381,20
5382,49
5383,6720
5384,105
5385,1.67
5386,6
5387,320
5388,8
5389,6
5390,3
5391,111
5392,0.857
5393,34
5394,12
5395,1.6
5396,450
5397,4752
5398,91
5399,56
5400,2275
5401,1250
5402,4
5403,98.5
5404,24
5405,480
5406,390
5407,500
5408,21
5409,100
5410,30
5411,80
5412,38.76
5413,89
5414,1968.75
5415,1756.31
5416,131
5417,984
5418,0.48
5419,1360
5420,1680
5421,0.4
5422,100
5423,90
5424,2.064
5425,937.5
5426,5
5427,0.8
5428,60
5429,900
5430,88
5431,36
5432,1.5
5433,116
5434,0.32
5435,7200
5436,180
5437,1
5438,600
5439,4
5440,384
5441,18
5442,18
5443,48
5444,7
5445,0.4
5446,38
5447,2.9
5448,2.7
5449,14.75
5450,14
5451,96
5452,39532.55
5453,705
5454,160
5455,24
5456,9.6
5457,1616
5458,78.54
5459,300
5460,56
5461,39.456
5462,53.6
5463,257
5464,5
5465,2
5466,9
5467,3
5468,1.175
5469,53
5470,6
5471,592
5472,1800
5473,0.18
5474,18
5475,15
5476,9
5477,24
5478,14000
5479,18000
5480,2400
5481,7
5482,9
5483,5
5484,4
5485,4
5486,32000
5487,206
5488,110
5489,48
5490,63
5491,3
5492,20
5493,53
5494,150
5495,42
5496,90
5497,8
5498,43
5499,40
5500,13
5501,92
5502,9
5503,1260
5504,460
5505,70
5506,3
5507,450
5508,430
5509,160
5510,6
5511,672
5512,32
5513,7
5514,190
5515,5
5516,5000
5517,1200
5518,180
5519,7263.5
5520,32
5521,288
5522,18
5523,2080
5524,45
5525,4
5526,420
5527,110
5528,29
5529,46800
5530,140
5531,5000
5532,5269
5533,48
5534,5
5535,1
5536,5400
5537,382.5
5538,1.3
5539,60
5540,88
5541,90
5542,864
5543,68
5544,6
5545,18
5546,31.25
5547,69
5548,10
5549,144
5550,900
5551,329.2
5552,720
5553,52/15
5554,26
5555,1650
5556,96
5557,205
5558,1
5559,10
5560,240
5561,300
5562,13200
5563,760
5564,12
5565,28
5566,4.5
5567,45
5568,80
5569,100
5570,3333
5571,7
5572,221
5573,9250
5574,60
5575,15
5576,2
5577,17.53
5578,37.2
5579,140
5580,204
5581,32
5582,109.2
5583,490
5584,120
5585,6
5586,65
5587,420
5588,30
5589,49
5590,1.6
5591,45000
5592,195
5593,960
5594,0.4
5595,2052
5596,406.5
5597,42
5598,4
5599,3600
5600,480
5601,4375
5602,474
5603,75.5
5604,80
5605,92.5
5606,4040
5607,20
5608,120
5609,1280
5610,1468.8
5611,30
5612,1.964
5613,66836
5614,2
5615,21.98
5616,9.42
5617,158560
5618,33
5619,198.9
5620,0.75
5621,12560
5622,83.2
5623,2
5624,148
5625,5/6
5626,516000
5627,280
5628,40
5629,164
5630,250
5631,1153
5632,40
5633,748
5634,75
5635,314
5636,450
5637,14130
5638,30
5639,10
5640,1.8
5641,91.2
5642,2592
5643,30
5644,45
5645,600
5646,7
5647,28.26
5648,39
5649,120
5650,56
5651,28.26
5652,600
5653,100
5654,1.5
5655,105
5656,0
5657,3
5658,16245
5659,2
5660,240
5661,17.2
5662,80
5663,0.625
5664,2.4
5665,128
5666,15
5667,200
5668,30
5669,3
5670,500
5671,2.42
5672,3000
5673,60
5674,600
5675,376.8
5676,108.75
5677,22
5678,62
5679,1500
5680,500
5681,194.75
5682,1780.96
5683,10
5684,600000
5685,7600
5686,25
5687,696
5688,10047
5689,200
5690,25
5691,6000
5692,2
5693,488
5694,224
5695,680
5696,1575
5697,1600
5698,24
5699,432
5700,25.28
5701,12
5702,40
5703,16
5704,25
5705,80
5706,60.5
5707,900
5708,2
5709,12650
5710,18.45
5711,31
5712,28.5
5713,1600
5714,1.1
5715,7890
5716,113
5717,10
5718,192
5719,5
5720,945
5721,8.1796
5722,10
5723,0
5724,945
5725,105
5726,7/9
5727,476
5728,8
5729,16
5730,6
5731,145
5732,992
5733,82.2
5734,5702
5735,1
5736,181.73
5737,400
5738,21880
5739,45
5740,8
5741,6.4
5742,10
5743,10
5744,600
5745,1710
5746,540
5747,28
5748,2000
5749,34.54
5750,684
5751,332
5752,300
5753,285
5754,232
5755,90
5756,142
5757,27
5758,560
5759,18
5760,10
5761,0.75
5762,300
5763,98
5764,36
5765,2
5766,840
5767,28.8
5768,720
5769,305
5770,50
5771,48
5772,1
5773,240
5774,24
5775,960
5776,50
5777,1200
5778,24
5779,10
5780,56
5781,12
5782,192
5783,6
5784,30
5785,1500
5786,240
5787,44
5788,11275
5789,200
5790,110
5791,22
5792,960
5793,9020
5794,200
5795,243
5796,210
5797,6
5798,3960
5799,39.12
5800,540
5801,48
5802,250
5803,25
5804,3
5805,2
5806,40
5807,437
5808,16.67
5809,80
5810,18
5811,0.504
5812,15
5813,825
5814,227
5815,20
5816,58.62
5817,60
5818,2
5819,90
5820,9
5821,36
5822,8
5823,20
5824,49
5825,15
5826,8
5827,3
5828,960
5829,23810
5830,2550
5831,1920
5832,3275
5833,6
5834,500
5835,1500
5836,62.8
5837,8
5838,16.9375
5839,38.48
5840,34
5841,2
5842,9
5843,132
5844,36
5845,124
5846,52.22
5847,1600
5848,140
5849,13.09
5850,11
5851,62.45
5852,25
5853,8640
5854,16
5855,16000
5856,9000
5857,1000
5858,2940
5859,24
5860,45
5861,0.8
5862,126.7
5863,630
5864,10
5865,4.46
5866,60
5867,7.5
5868,9/20
5869,256.4
5870,15
5871,12
5872,2060
5873,0.8
5874,65
5875,400
5876,32
5877,72
5878,0.25
5879,288
5880,168
5881,491
5882,27.2
5883,399
5884,6
5885,50
5886,54
5887,7.3
5888,800
5889,368
5890,38
5891,90
5892,800
5893,47
5894,1980
5895,32
5896,562.5
5897,6.85
5898,5316
5899,10
5900,450
5901,6
5902,30
5903,3
5904,27000
5905,342
5906,-38
5907,19
5908,21
5909,7
5910,49
5911,9
5912,16
5913,33
5914,25
5915,4
5916,3
5917,7
5918,50
5919,60
5920,46
5921,8
5922,8
5923,18
5924,41
5925,42
5926,36
5927,10
5928,694
5929,1021
5930,5
5931,700
5932,3
5933,72
5934,42
5935,26
5936,40
5937,8
5938,6
5939,35
5940,12
5941,20
5942,10
5943,15
5944,15
5945,1
5946,10
5947,36
5948,46
5949,56
5950,9
5951,4
5952,12
5953,11
5954,9
5955,42
5956,21
5957,41
5958,82
5959,44
5960,20
5961,50
5962,18
5963,36
5964,15
5965,24
5966,16
5967,53
5968,41
5969,5
5970,72
5971,53
5972,4
5973,1
5974,5
5975,6
5976,28
5977,3
5978,2
5979,12
5980,13
5981,38
5982,9
5983,4
5984,22
5985,60
5986,9
5987,34
5988,17
5989,27
5990,10
5991,4
5992,4
5993,18
5994,18
5995,20
5996,6
5997,4
5998,8
5999,5
6000,7
6001,21
6002,6
6003,6
6004,26
6005,47
6006,6
6007,9
6008,47
6009,81
6010,19
6011,28
6012,20
6013,20
6014,46
6015,44
6016,9
6017,8
6018,4
6019,20
6020,31
6021,62
6022,19
6023,6
6024,40
6025,6
6026,18
6027,13
6028,3
6029,11
6030,25
6031,31
6032,91
6033,35
6034,90
6035,56
6036,26
6037,215
6038,55
6039,6
6040,61
6041,51
6042,88
6043,16
6044,24
6045,57
6046,36
6047,4
6048,26
6049,21
6050,20
6051,26
6052,31
6053,27
6054,15
6055,88
6056,57
6057,7
6058,16
6059,8
6060,81
6061,51
6062,37
6063,79
6064,24
6065,18
6066,23
6067,27
6068,31
6069,42
6070,19
6071,9
6072,24
6073,80
6074,26
6075,20
6076,4
6077,20
6078,3
6079,25
6080,8
6081,6
6082,14
6083,53
6084,41
6085,37
6086,45
6087,19
6088,24
6089,11
6090,42
6091,11
6092,84
6093,40
6094,44
6095,30
6096,20
6097,35
6098,45
6099,25
6100,8
6101,8
6102,14
6103,47
6104,10
6105,72
6106,34
6107,9
6108,6
6109,1/3
6110,18
6111,4
6112,19
6113,10
6114,7
6115,7
6116,27
6117,30
6118,31
6119,16
6120,6
6121,56
6122,32
6123,18
6124,33
6125,40
6126,16
6127,24
6128,23
6129,8
6130,6
6131,8
6132,16
6133,15
6134,18
6135,12
6136,18
6137,6
6138,15
6139,59
6140,18
6141,65
6142,82
6143,16
6144,27
6145,21
6146,58
6147,27
6148,1656
6149,4
6150,4
6151,80
6152,68
6153,26
6154,720
6155,45
6156,27
6157,139
6158,5
6159,808
6160,4
6161,40
6162,150
6163,5
6164,0.8
6165,3
6166,94
6167,1891
6168,500
6169,720
6170,482
6171,77
6172,68
6173,1440
6174,30
6175,45
6176,350
6177,120000
6178,0.6
6179,7
6180,38
6181,27
6182,88
6183,40
6184,850
6185,1195
6186,61
6187,4360
6188,560
6189,543
6190,715
6191,85
6192,450
6193,90
6194,95
6195,-1880
6196,240
6197,5100
6198,144
6199,36
6200,16
6201,48
6202,4
6203,144
6204,40
6205,40
6206,328
6207,9
6208,100
6209,23
6210,78
6211,136
6212,582
6213,148
6214,142
6215,27
6216,99
6217,50
6218,24
6219,6
6220,327
6221,696
6222,129
6223,39
6224,20
6225,9
6226,52
6227,9
6228,9
6229,72
6230,315
6231,490
6232,8
6233,220
6234,14
6235,2200
6236,98
6237,96
6238,113
6239,16
6240,380
6241,6
6242,210
6243,5
6244,8
6245,545
6246,278
6247,88
6248,405
6249,150
6250,5
6251,5
6252,156
6253,200
6254,36
6255,146
6256,78
6257,100
6258,6
6259,225
6260,11
6261,67
6262,1152
6263,128
6264,91
6265,40
6266,219
6267,11
6268,8
6269,540
6270,4000
6271,220
6272,800
6273,77
6274,41.2
6275,600
6276,-2
6277,63
6278,500
6279,5
6280,5
6281,344
6282,186
6283,10
6284,21
6285,1.16
6286,3.61
6287,76
6288,6
6289,32
6290,7
6291,360
6292,2
6293,47.5
6294,87
6295,3
6296,1200
6297,75
6298,67.7
6299,57.8
6300,22.4
6301,12
6302,207
6303,370
6304,64
6305,165
6306,7455
6307,315
6308,6
6309,74
6310,115
6311,80
6312,50
6313,48
6314,60
6315,36
6316,60
6317,6
6318,6500
6319,400
6320,10
6321,64
6322,420
6323,308
6324,1
6325,72
6326,8
6327,4650
6328,130
6329,1000
6330,9280
6331,11920
6332,710
6333,13250
6334,4800
6335,696
6336,125
6337,900
6338,9
6339,640
6340,42
6341,48
6342,140
6343,440
6344,2200
6345,3
6346,7
6347,27
6348,20
6349,2
6350,20
6351,3600
6352,13
6353,7
6354,250
6355,5
6356,3
6357,1180
6358,80
6359,15
6360,19
6361,110
6362,6405
6363,120
6364,48
6365,1/2
6366,6
6367,1
6368,32900
6369,47.5
6370,30
6371,24
6372,40
6373,1/3
6374,36
6375,107
6376,2496
6377,1872
6378,6.28
6379,1.57
6380,14
6381,200
6382,12
6383,7000
6384,16
6385,15
6386,78
6387,6000
6388,35.5
6389,1.2
6390,60
6391,1.2
6392,4
6393,12
6394,100
6395,35
6396,6720
6397,5.2
6398,4.8
6399,1400
6400,158
6401,900
6402,50
6403,6
6404,1600
6405,240
6406,825
6407,850
6408,660
6409,20000
6410,12000
6411,0.7
6412,1500
6413,350
6414,0.004
6415,112.58
6416,1301
6417,41.4
6418,2050
6419,14
6420,540
6421,76
6422,3960
6423,45
6424,105
6425,3
6426,750
6427,180
6428,1
6429,50
6430,13.5
6431,8
6432,40
6433,720
6434,145
6435,80
6436,10
6437,4050
6438,18.25
6439,17
6440,140
6441,5100
6442,8
6443,10
6444,40
6445,86.1
6446,9.42
6447,188.8
6448,16
6449,50
6450,350.64
6451,32
6452,38
6453,19
6454,1
6455,10.8
6456,630
6457,165
6458,12
6459,648
6460,120
6461,7.5
6462,40
6463,122.5
6464,3000
6465,640
6466,16
6467,10
6468,141
6469,9
6470,20
6471,44
6472,26
6473,12
6474,7
6475,4
6476,26
6477,50
6478,16
6479,8
6480,48
6481,-15
6482,48
6483,1315
6484,30
6485,300
6486,8
6487,49
6488,120
6489,39.85
6490,4
6491,140
6492,48
6493,105
6494,8
6495,62.8
6496,138
6497,785
6498,39
6499,24.2
6500,44
6501,16
6502,20
6503,68
6504,24
6505,600
6506,147
6507,180
6508,95
6509,16
6510,35
6511,140
6512,64
6513,335
6514,368
6515,4
6516,242
6517,720
6518,1.2
6519,3300
6520,17
6521,1632
6522,5
6523,1.73
6524,170
6525,0
6526,480
6527,4.5
6528,62
6529,91
6530,1050
6531,794
6532,32
6533,6
6534,9000
6535,30
6536,176
6537,54
6538,170
6539,15
6540,160
6541,25
6542,1680
6543,432
6544,1
6545,47000
6546,2000
6547,200
6548,147
6549,375
6550,16
6551,1452
6552,206
6553,10
6554,4
6555,648
6556,133
6557,6.75
6558,69
6559,4
6560,15
6561,660
6562,0.98
6563,16
6564,616
6565,35
6566,24
6567,17
6568,22875
6569,80
6570,160
6571,45
6572,1800
6573,1800
6574,12.5
6575,1908
6576,900
6577,233
6578,4410
6579,8
6580,40
6581,360
6582,85
6583,2460
6584,4
6585,9
6586,576
6587,36
6588,112.56
6589,8
6590,1344
6591,1330
6592,40
6593,130
6594,900
6595,85
6596,74
6597,6.7
6598,306
6599,2790
6600,2560
6601,2250
6602,52
6603,328
6604,38
6605,215
6606,18750
6607,120
6608,18.5
6609,18
6610,47
6611,248
6612,4
6613,9
6614,372
6615,1050
6616,624
6617,825
6618,37
6619,356
6620,22
6621,9
6622,4
6623,576
6624,1320
6625,6
6626,13000
6627,543
6628,600
6629,60
6630,824
6631,4.4
6632,72
6633,70.4
6634,80
6635,6.48
6636,30
6637,75
6638,24
6639,23800
6640,75
6641,0.000157
6642,1610
6643,30
6644,552
6645,2
6646,7900
6647,5760
6648,14010
6649,5
6650,414
6651,48
6652,20
6653,615
6654,218
6655,10.1
6656,23
6657,20
6658,205
6659,540
6660,25
6661,266
6662,4
6663,7
6664,285
6665,8
6666,126
6667,832
6668,100
6669,23
6670,1050
6671,1872
6672,90
6673,611.5
6674,138
6675,49
6676,29
6677,379
6678,3600
6679,770
6680,60
6681,1400
6682,472
6683,22
6684,808
6685,128
6686,525
6687,428.6
6688,294
6689,732
6690,9/40
6691,52
6692,1.25
6693,560
6694,240
6695,56
6696,20
6697,675
6698,1152
6699,10.3
6700,47
6701,600
6702,980
6703,13
6704,4840
6705,3.75
6706,45
6707,23
6708,18.72
6709,5275.92
6710,18000
6711,10
6712,97
6713,8
6714,9
6715,7
6716,16
6717,17
6718,18
6719,23
6720,85
6721,3216
6722,225
6723,40
6724,248
6725,2440
6726,80
6727,55
6728,18
6729,9.6
6730,21
6731,29
6732,8
6733,12
6734,7
6735,48
6736,12
6737,79
6738,24
6739,96
6740,10
6741,41
6742,21
6743,32
6744,12
6745,15
6746,2
6747,3
6748,30
6749,32
6750,21
6751,4
6752,29
6753,17
6754,36
6755,80
6756,37
6757,8
6758,30
6759,17
6760,35
6761,45
6762,6
6763,20
6764,4
6765,36
6766,4
6767,30
6768,4
6769,4
6770,6
6771,6
6772,39
6773,60
6774,30
6775,6
6776,0.9
6777,45
6778,20
6779,9
6780,11
6781,17
6782,45
6783,43
6784,39
6785,72
6786,0.94
6787,50
6788,8
6789,69
6790,87
6791,7
6792,2
6793,100
6794,54
6795,10
6796,38
6797,24
6798,109
6799,39
6800,61
6801,20
6802,60
6803,22
6804,14
6805,79
6806,40
6807,100
6808,10
6809,27
6810,37
6811,50
6812,50
6813,21
6814,33
6815,47
6816,9
6817,25
6818,47
6819,81
6820,37
6821,11
6822,31
6823,23
6824,3
6825,15
6826,30
6827,38
6828,12
6829,28
6830,33
6831,154
6832,57
6833,34
6834,36
6835,42
6836,46
6837,16
6838,24
6839,12
6840,5
6841,35
6842,7
6843,8
6844,11
6845,12
6846,7
6847,20
6848,16
6849,18
6850,14
6851,8
6852,8
6853,10
6854,120
6855,17
6856,9
6857,8
6858,0.27952
6859,178
6860,1360
6861,60
6862,100
6863,5670
6864,680
6865,8
6866,-2
6867,95%
6868,960
6869,400
6870,128
6871,24
6872,430
6873,1500
6874,3600
6875,144
6876,60/7
6877,6
6878,260
6879,46.67
6880,200
6881,1.2%
6882,108
6883,16
6884,750
6885,160
6886,160
6887,880
6888,6
6889,9
6890,61
6891,60
6892,40
6893,1.05
6894,2
6895,232
6896,512
6897,280
6898,5652
6899,7200
6900,144
6901,0.7
6902,5652
6903,93
6904,1
6905,102
6906,1
6907,56
6908,32
6909,625
6910,37
6911,288
6912,55
6913,96%
6914,93
6915,1/5
6916,70.92
6917,28
6918,2496
6919,2160
6920,687.5
6921,15
6922,10
6923,27
6924,3025
6925,32
6926,14
6927,5500
6928,113.04
6929,1296
6930,3.6
6931,5.4
6932,70
6933,40
6934,1.8
6935,13
6936,18
6937,40
6938,13
6939,4
6940,75%
6941,200
6942,60
6943,115%
6944,0.84
6945,28
6946,70
6947,3
6948,47
6949,14
6950,100
6951,56.52
6952,324
6953,42
6954,2.4
6955,85
6956,20
6957,1.2
6958,9
6959,72
6960,150
6961,96
6962,7500
6963,376
6964,5
6965,80
6966,28
6967,60
6968,36
6969,30
6970,20
6971,20
6972,7.2
6973,13
6974,36
6975,156
6976,14
6977,76
6978,96
6979,92
6980,28
6981,29
6982,1400
6983,206000
6984,6
6985,192
6986,2380
6987,124
6988,25
6989,75
6990,4.5
6991,1600
6992,120
6993,30
6994,270
6995,2600
6996,1300
6997,5.32
6998,300
6999,2340
7000,14
7001,0.4
7002,0.7
7003,20/3
7004,512
7005,10
7006,306.25
7007,180
7008,36%
7009,4.8
7010,10
7011,9.42
7012,625
7013,300
7014,177
7015,2160
7016,150
7017,10
7018,2880000
7019,1620
7020,50
7021,50.24
7022,100
7023,84
7024,0.078
7025,100
7026,180
7027,2.612
7028,16.7%
7029,1.0064
7030,440/3
7031,30
7032,0.75
7033,40
7034,25%
7035,96
7036,2.4
7037,1%
7038,1000
7039,717
7040,6
7041,780
7042,770
7043,345
7044,60
7045,9
7046,270
7047,96
7048,60
7049,4
7050,164.93
7051,1560
7052,10
7053,2
7054,16
7055,80
7056,28.26
7057,6
7058,18
7059,28
7060,59%
7061,35
7062,2.3
7063,2750
7064,8
7065,3.7
7066,4540
7067,2.08
7068,15
7069,32.74
7070,6.28
7071,4
7072,350
7073,40
7074,71.43%
7075,30
7076,660
7077,50
7078,2500
7079,1.5
7080,23
7081,50.4
7082,60
7083,950
7084,8
7085,9
7086,198
7087,3.5
7088,24
7089,35
7090,96
7091,96
7092,9
7093,1308
7094,192
7095,480
7096,10
7097,60
7098,113.04
7099,2
7100,80
7101,4760
7102,3900
7103,4
7104,-14.6
7105,5
7106,1413
7107,100
7108,16
7109,75
7110,1/3
7111,18
7112,21.98
7113,45
7114,865/57
7115,60
7116,1080
7117,251
7118,28.5
7119,59
7120,4.8
7121,521.9
7122,445
7123,1824
7124,32
7125,6
7126,720
7127,84.75
7128,40
7129,95
7130,12.56
7131,49
7132,40
7133,34
7134,188
7135,50
7136,240
7137,120
7138,62.5
7139,9
7140,3.01
7141,1
7142,60000
7143,10%
7144,8
7145,6
7146,92
7147,25%
7148,11
7149,15
7150,6
7151,20
7152,340
7153,7/2
7154,80
7155,20000
7156,9.17
7157,58
7158,123
7159,9.72
7160,36
7161,1625
7162,3.5
7163,4
7164,128
7165,0.5
7166,1250
7167,192
7168,100
7169,24
7170,2
7171,80
7172,76
7173,52%
7174,80%
7175,2.58
7176,8
7177,1000
7178,296
7179,182
7180,279
7181,522.5
7182,1400
7183,555
7184,2/5
7185,72
7186,9
7187,768
7188,76
7189,60
7190,97
7191,480
7192,225
7193,20344
7194,6160
7195,4.75
7196,16000
7197,144
7198,27
7199,9.6
7200,170
7201,60
7202,5760
7203,108
7204,9
7205,50
7206,530
7207,37
7208,9600
7209,420
7210,54
7211,6.5
7212,72
7213,6
7214,7
7215,40.57
7216,796
7217,62.8
7218,21.98
7219,710
7220,6
7221,2128
7222,7
7223,20%
7224,600
7225,13.5
7226,13.92
7227,19
7228,12.8
7229,30
7230,34%
7231,300
7232,300
7233,0.045
7234,2.5
7235,90
7236,49.34
7237,100
7238,200
7239,1.1
7240,48
7241,198
7242,36
7243,1400
7244,4
7245,630
7246,68
7247,9.6
7248,168
7249,2000
7250,3000
7251,4
7252,36
7253,108
7254,0.3
7255,119
7256,100
7257,340
7258,1380
7259,184
7260,60
7261,48
7262,18
7263,7436
7264,24
7265,625
7266,44
7267,5280
7268,2.9
7269,52
7270,7.5
7271,37.68
7272,32
7273,300
7274,3
7275,90
7276,-50
7277,750
7278,4800
7279,400
7280,60
7281,90
7282,240
7283,90%
7284,30
7285,1.5
7286,6
7287,27
7288,5
7289,240
7290,11
7291,950
7292,45
7293,135
7294,4000
7295,75.6
7296,240
7297,264
7298,272
7299,55.0
7300,60
7301,7/80
7302,15
7303,120
7304,25000
7305,10
7306,108
7307,400
7308,350
7309,5.6
7310,7.0
7311,15.2
7312,48
7313,240
7314,107.65
7315,70
7316,3/4
7317,251.2
7318,1038
7319,4909
7320,9
7321,90
7322,480
7323,500
7324,190
7325,3
7326,1980
7327,2.5
7328,810
7329,1000
7330,6
7331,280
7332,6.55
7333,610
7334,4800
7335,300
7336,5040
7337,16.08
7338,15
7339,2976
7340,46.975
7341,160
7342,7
7343,4
7344,180
7345,329
7346,387.55
7347,1625
7348,1413.78
7349,1540
7350,225
7351,28
7352,15
7353,109
7354,1000
7355,660
7356,7.85
7357,198
7358,5
7359,56
7360,10
7361,940
7362,778
7363,8
7364,90
7365,47
7366,4500
7367,5000
7368,3000
7369,72
7370,1.04
7371,6
7372,480
7373,20
7374,56
7375,40/9
7376,11/20
7377,349.08
7378,75
7379,16041.44
7380,400
7381,100
7382,180
7383,15/2
7384,5
7385,90.63
7386,1473.29
7387,2000
7388,0.785
7389,14.25
7390,6
7391,3
7392,36
7393,1256
7394,240
7395,480
7396,9880
7397,112
7398,16
7399,60
7400,64
7401,50
7402,2.5
7403,48
7404,0
7405,780
7406,5.83
7407,9
7408,9.99
7409,960
7410,90
7411,11
7412,160
7413,125
7414,65
7415,3
7416,0.7
7417,132
7418,195
7419,7
7420,52
7421,9
7422,9
7423,54
7424,117
7425,300
7426,54
7427,25
7428,2
7429,1260
7430,2%
7431,480
7432,42
7433,6.67
7434,51.2
7435,200
7436,264
7437,12.6
7438,17
7439,6
7440,-70
7441,4
7442,2.4
7443,4.8
7444,16
7445,3.2
7446,28%
7447,48
7448,7200
7449,7500
7450,31.4
7451,18
7452,10
7453,75
7454,4
7455,100
7456,37.5%
7457,20
7458,4.64
7459,4.8
7460,500
7461,360
7462,72
7463,4368
7464,12.1
7465,450
7466,360
7467,72
7468,125
7469,1
7470,314
7471,4
7472,60
7473,0.2
7474,153
7475,12
7476,520
7477,3
7478,55
7479,5.6
7480,29
7481,50.5
7482,760
7483,400
7484,14150
7485,270
7486,432
7487,18
7488,60
7489,4800
7490,15
7491,1337
7492,28
7493,80
7494,90
7495,24
7496,6
7497,450
7498,3.3
7499,60
7500,130.672
7501,4.5
7502,3.6
7503,30000
7504,2700
7505,293
7506,32
7507,2400
7508,58
7509,230
7510,xy/4
7511,151.2
7512,2550
7513,48
7514,2630
7515,1158.75
7516,47
7517,340
7518,0.5
7519,0.3
7520,765
7521,160
7522,1413
7523,16
7524,744
7525,24
7526,25800
7527,675000
7528,7
7529,18
7530,160
7531,55
7532,5
7533,400
7534,3920
7535,388.68
7536,420
7537,53
7538,2500
7539,2.5
7540,420
7541,15.75
7542,2448
7543,160
7544,60
7545,502.8
7546,30
7547,75.36
7548,675
7549,300
7550,48
7551,31714
7552,115
7553,37
7554,15
7555,870
7556,8
7557,180
7558,960
7559,9
7560,150
7561,9
7562,300
7563,13.5
7564,44
7565,384
7566,99
7567,1.25
7568,300
7569,366
7570,10
7571,10
7572,12.14
7573,4
7574,20000
7575,2.25
7576,6.4
7577,78.52
7578,27.15
7579,2/3
7580,250
7581,126
7582,29.4
7583,135
7584,150
7585,9000
7586,0.64
7587,180
7588,40
7589,182
7590,240
7591,18
7592,20
7593,15.25
7594,35
7595,6630
7596,99
7597,63
7598,6
7599,320
7600,5
7601,8.33
7602,125.83
7603,24
7604,16
7605,136
7606,512
7607,15000
7608,20
7609,10
7610,24
7611,3.4
7612,34
7613,64
7614,15.04
7615,2.16
7616,1/6
7617,98
7618,63
7619,26
7620,12
7621,7
7622,10
7623,72
7624,0.34
7625,5184
7626,16
7627,57.5
7628,36.55
7629,0.7
7630,3.395
7631,3.8
7632,343
7633,360
7634,90
7635,85%
7636,1250
7637,13.5
7638,120
7639,69
7640,0.62
7641,8
7642,3/4
7643,5
7644,21
7645,20
7646,9/125
7647,19
7648,5/10
7649,5/49
7650,1120
7651,3000
7652,30
7653,5.2
7654,36
7655,2400
7656,19/20
7657,64
7658,20
7659,10.4
7660,960
7661,32.0
7662,7/5
7663,3/8
7664,5
7665,2/5
7666,47/50
7667,6875
7668,5
7669,65
7670,165
7671,300
7672,8
7673,2
7674,8
7675,505
7676,4
7677,2520
7678,20/3
7679,13
7680,16
7681,4048
7682,750
7683,49
7684,100
7685,30
7686,800
7687,1744
7688,31/35
7689,35
7690,1800
7691,64
7692,828
7693,9
7694,3
7695,5340
7696,11.8
7697,15
7698,3
7699,26
7700,5
7701,100
7702,7
7703,9.5
7704,13.35
7705,23/25
7706,3045
7707,470
7708,96
7709,148
7710,72
7711,1/4
7712,25
7713,75/4
7714,8
7715,10
7716,7/2
7717,6.71
7718,1/12
7719,60
7720,19
7721,46.928
7722,87
7723,120
7724,1350
7725,3
7726,1/10
7727,92.2
7728,222
7729,6
7730,140
7731,8100
7732,36
7733,0.3
7734,240
7735,337.5
7736,8
7737,6
7738,80
7739,60
7740,16
7741,135
7742,36
7743,85
7744,560
7745,80
7746,38
7747,5
7748,194
7749,149
7750,3
7751,700
7752,1.8
7753,183
7754,8
7755,3.75
7756,13
7757,672
7758,20
7759,5/35
7760,7
7761,2.2
7762,400
7763,64/27
7764,1
7765,6
7766,6
7767,18400
7768,24
7769,96
7770,230
7771,2865
7772,7
7773,200
7774,72
7775,238
7776,1214
7777,50
7778,7/20
7779,90
7780,32
7781,125
7782,4
7783,22
7784,220
7785,10
7786,19
7787,432
7788,1800
7789,15000
7790,800
7791,26
7792,250
7793,3/7
7794,10
7795,15
7796,16
7797,0.48
7798,840
7799,2400
7800,5000
7801,60
7802,400
7803,2/5
7804,63/10
7805,27
7806,100
7807,222
7808,187
7809,183
7810,2.8
7811,80
7812,1
7813,30
7814,7
7815,55
7816,1/4
7817,14
7818,240
7819,2550
7820,25
7821,9/10
7822,720
7823,996
7824,0.2
7825,42
7826,9/10
7827,8/9
7828,80000
7829,45
7830,48
7831,630
7832,15
7833,23
7834,15
7835,59
7836,37/40
7837,7
7838,16800
7839,6
7840,36
7841,34/49
7842,4/27
7843,35
7844,500
7845,7
7846,8
7847,165
7848,53
7849,320
7850,120
7851,9/16
7852,570
7853,7
7854,32
7855,1/5
7856,4
7857,6
7858,48
7859,240
7860,765
7861,80/3
7862,504
7863,3
7864,11.3
7865,8
7866,87
7867,9
7868,40/9
7869,2
7870,180
7871,3/4
7872,15
7873,12.6
7874,28
7875,2/9
7876,11.25
7877,7
7878,50
7879,12
7880,3/8
7881,150
7882,62.5
7883,3/5
7884,1/10
7885,2/5
7886,96
7887,28/45
7888,12
7889,9
7890,8
7891,1
7892,3
7893,765
7894,311
7895,35
7896,8562
7897,56
7898,240
7899,3
7900,13
7901,10
7902,6
7903,20
7904,6.02
7905,4
7906,632
7907,200
7908,24/7
7909,5/18
7910,8
7911,8.5
7912,400000/3
7913,22.5
7914,2700
7915,25/32
7916,10
7917,96
7918,2/5
7919,864
7920,0.45
7921,4
7922,0
7923,4
7924,4
7925,324
7926,150
7927,900
7928,3
7929,240
7930,50
7931,98
7932,2/5
7933,16
7934,77
7935,5/8
7936,3/10
7937,4/5
7938,1000
7939,8
7940,7
7941,7
7942,5/6
7943,9
7944,300
7945,42
7946,3.48
7947,15
7948,24
7949,180
7950,70
7951,75
7952,1
7953,5
7954,128
7955,86
7956,58
7957,2512
7958,2.2
7959,230
7960,4/15
7961,30
7962,800
7963,1
7964,7000
7965,6
7966,5
7967,5
7968,2930
7969,53
7970,285
7971,3
7972,584
7973,100
7974,4
7975,170
7976,0
7977,2000
7978,20
7979,0.04
7980,42
7981,504
7982,25
7983,1200
7984,30
7985,68
7986,9
7987,75
7988,456
7989,144000
7990,294
7991,72
7992,2
7993,1200
7994,193
7995,15/23
7996,90
7997,4080
7998,5/7
7999,28
