0,4000
1,27
2,12
3,7/30
4,6
5,1260
6,60
7,4750
8,8.8
9,3
10,41
11,1.5
12,90
13,56
14,45
15,8172
16,16
17,18.7
18,322.5
19,10
20,30
21,9
22,100
23,44
24,300
25,53
26,24
27,16
28,3.14
29,1950
30,5.6
31,75
32,24
33,720
34,30
35,21/20
36,351
37,5
38,1.575
39,58
40,400
41,24
42,8
43,500
44,32
45,17
46,95
47,288
48,140
49,380
50,550
51,9
52,9000
53,280
54,779
55,120
56,172
57,4025
58,1056
59,4
60,13
61,792
62,1300
63,759
64,3420
65,588
66,13999.2
67,280
68,3600
69,720
70,9
71,75.6
72,6600
73,5/8
74,225
75,3.8
76,287
77,19/20
78,24
79,294
80,3
81,28
82,8
83,392
84,265
85,20%
86,16
87,30
88,405
89,484
90,2.098
91,20
92,20
93,2455
94,1526
95,438.26
96,8
97,16
98,5
99,260
100,2459.6
101,400
102,3278.8
103,13
104,8
105,60
106,4/9
107,20700
108,10
109,3_3/7
110,2.4
111,1200
112,332
113,148
114,19
115,590
116,2390
117,583
118,1536
119,124
120,1.54
121,13
122,2
123,79
124,4000
125,90%
126,440
127,0.8
128,103
129,870
130,7/9
131,5703
132,10
133,9
134,11200
135,5
136,695
137,50
138,32
139,90
140,80
141,300
142,144
143,17
144,8354.72
145,356
146,14
147,2400
148,5760
149,9
150,2/9
151,384
152,20/3
153,460
154,8000
155,3/10
156,5
157,600
158,98
159,230
160,30
161,5
162,5
163,2.5
164,28
165,1350
166,326
167,750
168,11
169,180
170,4
171,3
172,112
173,144
174,2/7
175,14
176,50
177,8
178,8
179,14
180,30
181,40.82
182,12
183,27
184,9
185,650
186,4000
187,9
188,72
189,13
190,275
191,904.32
192,10395
193,840
194,2000
195,234
196,656
197,28.26
198,450
199,248
200,475
201,252
202,12
203,7/20
204,5
205,40
206,4/9
207,6
208,42
209,834
210,6
211,72.9
212,2499
213,32790
214,6
215,24500
216,50
217,4.75
218,64800
219,2
220,5
221,333
222,20
223,8
224,80
225,1872
226,32
227,9
228,6/7
229,12
230,170
231,393
232,3300
233,207
234,684
235,525
236,487
237,4270
238,1/18
239,205
240,800
241,280
242,5/8
243,5375
244,276
245,3/5
246,25
247,5/8
248,290
249,9
250,24.4
251,1
252,3157.5
253,1470
254,243
255,9000
256,1536
257,6
258,560
259,5
260,2422
261,480
262,45
263,72
264,7.2
265,4
266,11/24
267,496
268,42
269,94
270,25000
271,11760
272,75
273,12
274,520
275,945
276,270
277,2.7
278,32
279,2300
280,50.24
281,8
282,5.2
283,736
284,59
285,18
286,240
287,879
288,48
289,2700
290,950
291,5
292,2
293,554
294,16
295,22
296,4800
297,3
298,4
299,104
300,238
301,49/20
302,6
303,8
304,81
305,285.5
306,9
307,20
308,20
309,24
310,94.2
311,495
312,33
313,3/7
314,36
315,30
316,4
317,324
318,900
319,1/3
320,9
321,432
322,5/8
323,13/20
324,3/10
325,4
326,3250
327,77.5
328,706
329,15
330,10387.5
331,474000
332,16000
333,300
334,4/7
335,928
336,15
337,576
338,6
339,1
340,20
341,90
342,21
343,14
344,125
345,37
346,48
347,5
348,425
349,5
350,32
351,600
352,375
353,1598
354,180
355,200
356,346.5
357,5
358,2500
359,4
360,904.32
361,628
362,82.5
363,9
364,7.5
365,540
366,9/35
367,24
368,5/8
369,299
370,150
371,282
372,10
373,7
374,36
375,1350
376,401
377,72
378,4379
379,3
380,70
381,44
382,2/5
383,6960
384,57125
385,92
386,90
387,349.23
388,50
389,20
390,6
391,1260
392,76
393,750
394,39.28
395,100
396,450
397,9
398,6432
399,12
400,90
401,136
402,964
403,2_2/3
404,695
405,32
406,14
407,4/15
408,8
409,3.14
410,12
411,5
412,1/8
413,800
414,10
415,72
416,49
417,8
418,1320
419,10
420,2/3
421,1
422,303
423,2
424,0.96
425,16.2
426,2
427,1280
428,100
429,800
430,580
431,1200
432,432
433,106
434,12960
435,31
436,512
437,44
438,2.625
439,4600
440,1/8
441,49
442,410
443,87.5
444,74
445,980
446,3/5
447,0.3
448,20
449,1920
450,866
451,68
452,4%
453,10
454,30
455,133
456,1080
457,60
458,76
459,390
460,24
461,2400
462,32
463,796
464,20
465,1710
466,225
467,94
468,21
469,30
470,10
471,20
472,700
473,125.6
474,9
475,9
476,604
477,3
478,1152
479,297
480,32
481,533
482,7/33
483,3.2
484,75
485,280
486,150
487,216
488,16
489,1164
490,3
491,96
492,300
493,4
494,440
495,2107.24
496,96
497,1440
498,90
499,1344
500,272
501,800
502,960
503,75/100
504,925
505,729
506,150
507,700
508,900
509,39
510,1320
511,10
512,7/40
513,5
514,120
515,59
516,786
517,0.1
518,1/2
519,300
520,43
521,8
522,365
523,180
524,3/8
525,200
526,230
527,95
528,12
529,31.4
530,120
531,2
532,150
533,50.25
534,30
535,450
536,1.44
537,2
538,7
539,96
540,560
541,16
542,216
543,900
544,44
545,40
546,0.2
547,70
548,5
549,96
550,3480
551,34.54
552,20
553,9
554,1300
555,750
556,11
557,3
558,78.5
559,125.6
560,1.4
561,6
562,4
563,100
564,91
565,60
566,2800
567,351
568,384
569,2550
570,28.8
571,16.8
572,10700
573,18
574,2500
575,48.9
576,4
577,2
578,125
579,800
580,1400
581,9
582,378
583,320
584,4
585,9
586,50
587,30
588,50
589,720
590,52
591,16
592,32
593,0.4
594,9
595,28.26
596,0.2
597,925
598,256
599,45000
600,1372
601,1.8
602,3
603,80
604,75
605,2/5
606,8
607,7.5
608,5
609,62
610,90
611,7
612,156
613,20
614,11.0
615,7200
616,147.25
617,4
618,3.14
619,120
620,90
621,100
622,800
623,114
624,98
625,18
626,960
627,42
628,379
629,72
630,12
631,314
632,3_2/3
633,2000
634,480
635,11.1%
636,90%
637,60%
638,92%
639,90
640,30
641,40
642,45
643,44
644,450
645,8
646,2
647,26
648,2150
649,32
650,280
651,30
652,13.5
653,25
654,95%
655,49
656,40
657,96%
658,1.2
659,95%
660,54
661,528.57
662,750
663,87.5%
664,96
665,1093.5
666,5
667,100
668,2
669,7572
670,35
671,309
672,36
673,35
674,5
675,96%
676,7
677,6
678,97.5%
679,96%
680,2
681,46
682,480
683,450
684,56
685,42
686,4200
687,150
688,360
689,34
690,320
691,1500
692,81
693,9.7
694,20
695,900
696,32
697,2
698,19/40
699,57
700,48
701,48
702,4
703,3
704,9
705,8
706,94%
707,5/8
708,20
709,90
710,160
711,78
712,2.4
713,300
714,10%
715,1000
716,240
717,960
718,44
719,84
720,150
721,9.8432
722,80
723,240
724,32
725,425
726,420
727,117
728,300
729,307
730,240
731,15
732,48
733,100
734,34
735,135
736,15
737,2
738,70
739,160
740,94
741,4.5
742,3/8
743,53
744,500
745,800
746,80
747,143
748,54
749,372
750,3
751,94
752,40
753,11
754,78
755,250
756,8
757,56
758,3
759,400
760,429
761,45
762,753.09
763,351.4
764,48
765,960
766,21972
767,3
768,2000
769,45
770,909
771,40
772,125.5
773,39
774,7500
775,28
776,753.6
777,960
778,420
779,8
780,7
781,3680
782,3680
783,25
784,150
785,172
786,12.56
787,10
788,425
789,204
790,98%
791,285
792,600
793,80
794,198.37
795,2850
796,10
797,80
798,4
799,480
800,89.5
801,58
802,40
803,30
804,40
805,37.4
806,400
807,72
808,5
809,32
810,2.5
811,18
812,20
813,78.5
814,25
815,4000
816,2000
817,12
818,8
819,90
820,98
821,960
822,96
823,140
824,50.24
825,1050
826,142
827,80
828,2.4
829,42
830,33
831,420
832,23.8
833,28.5
834,98
835,344
836,50
837,4
838,20
839,5
840,100
841,3/4
842,9
843,4368
844,546
845,134
846,8
847,42
848,340
849,5
850,60
851,500
852,39
853,12
854,2
855,89_1/30
856,7.5
857,518
858,9
859,40
860,38
861,240
862,46
863,2/7
864,24
865,11
866,200
867,25
868,32
869,5
870,13.2
871,31.4
872,9
873,59
874,38
875,30
876,9000
877,11.8%
878,87.92
879,25%
880,96
881,400
882,30
883,8
884,70
885,48
886,78
887,87.92
888,12
889,37
890,3
891,192
892,23.8
893,57.8
894,40
895,8
896,291
897,12
898,48
899,24
900,4000
901,237000
902,4
903,225
904,9
905,750
906,300
907,48
908,26
909,5.635
910,5
911,6.39
912,450
913,5
914,6.2
915,430
916,3760
917,94.2
918,98.54
919,2
920,200
921,3
922,8
923,9.75%
924,200
925,72
926,96%
927,270
928,24
929,8
930,30000
931,30000
932,120
933,28.26
934,6
935,350
936,45
937,210
938,7
939,27
940,72
941,9
942,204
943,24
944,8
945,5/12
946,176
947,5
948,270
949,36
950,0.6
951,48
952,48
953,245
954,54
955,12
956,16
957,12
958,1000
959,130
960,6
961,8
962,640
963,32100
964,16
965,14
966,25
967,7.5
968,75
969,1/5
970,154.2
971,10
972,3474
973,942
974,41
975,18
976,70
977,8
978,389
979,845
980,174.3
981,840
982,30
983,456
984,3.5%
985,74
986,7
987,12
988,2
989,790
990,9
991,252
992,594
993,806
994,2.0%
995,2040
996,1/2
997,36
998,72
999,2/5
1000,6.28
1001,200
1002,150
1003,45
1004,6
1005,20%
1006,100
1007,104
1008,93760
1009,7/8
1010,2.5
1011,161
1012,125
1013,20%
1014,11
1015,80
1016,15
1017,20
1018,70
1019,4/3
1020,8
1021,53.75%
1022,50%
1023,62.8
1024,30
1025,45800
1026,19000
1027,1/2
1028,44
1029,96
1030,27;18
1031,205
1032,5
1033,10
1034,200
1035,150
1036,0.324
1037,30
1038,400
1039,52
1040,54/5
1041,740
1042,2
1043,7.2
1044,48.2
1045,27
1046,3/4
1047,105
1048,12167
1049,375
1050,45
1051,25
1052,240
1053,20
1054,2500
1055,1
1056,10
1057,34.54
1058,7/16
1059,512
1060,39
1061,9
1062,3.51
1063,5.5
1064,18
1065,20
1066,32
1067,5
1068,40
1069,45
1070,57
1071,18.75
1072,84
1073,284
1074,1/25
1075,5198
1076,15
1077,224
1078,0.6
1079,300
1080,2400
1081,75
1082,25
1083,30
1084,13
1085,7
1086,1/24
1087,480
1088,23/9
1089,0.0144
1090,250
1091,45
1092,1775
1093,56
1094,4988
1095,27
1096,1440
1097,5/8
1098,27
1099,120
1100,3/7
1101,16
1102,450
1103,20
1104,390
1105,4/10
1106,34.5
1107,36
1108,27
1109,32
1110,27
1111,2.5
1112,34
1113,50%
1114,400
1115,56
1116,12
1117,70
1118,8
1119,7
1120,15
1121,30
1122,20
1123,12
1124,41
1125,4000
1126,84
1127,1.5
1128,1
1129,1
1130,0.94
1131,4
1132,30
1133,550
1134,128
1135,45
1136,30
1137,15
1138,480
1139,280
1140,9000
1141,27
1142,7
1143,240
1144,15
1145,7
1146,40
1147,396
1148,180
1149,41.3
1150,2.9
1151,8
1152,1/2
1153,770
1154,4
1155,270
1156,9
1157,45
1158,1154
1159,4
1160,21
1161,4
1162,240
1163,45
1164,13150
1165,27
1166,52
1167,20
1168,78
1169,15
1170,18.7%
1171,900
1172,120
1173,30
1174,15
1175,98%
1176,2.5
1177,2
1178,8200
1179,198
1180,3
1181,900
1182,24
1183,42
1184,243
1185,240
1186,8
1187,481
1188,95
1189,99
1190,500
1191,180
1192,270
1193,52500
1194,72
1195,95%
1196,1.5
1197,48.75
1198,396
1199,314
1200,288
1201,0.75
1202,19
1203,20%
1204,5
1205,14
1206,12
1207,129
1208,7
1209,6
1210,27
1211,25
1212,639
1213,70%
1214,40
1215,160
1216,27
1217,42
1218,30
1219,8
1220,85%
1221,45
1222,3.75
1223,279
1224,24
1225,25
1226,94.2
1227,2400
1228,18
1229,240
1230,4
1231,4
1232,52
1233,512
1234,75
1235,94.2
1236,38
1237,90
1238,25
1239,30
1240,32%
1241,4
1242,960
1243,48
1244,49
1245,4200
1246,70
1247,49
1248,54
1249,180
1250,39
1251,45
1252,35
1253,14
1254,36
1255,8
1256,30
1257,38
1258,24
1259,16
1260,53
1261,22
1262,4
1263,37
1264,6
1265,45
1266,6
1267,3
1268,23
1269,18
1270,65
1271,53
1272,30
1273,26
1274,43
1275,12
1276,72
1277,9
1278,94
1279,28
1280,36
1281,51
1282,74
1283,18
1284,48
1285,46
1286,49
1287,35
1288,27
1289,48
1290,29
1291,19
1292,26
1293,10
1294,31
1295,3
1296,10
1297,3
1298,8
1299,6
1300,5
1301,20
1302,6
1303,5
1304,6
1305,6
1306,4
1307,5
1308,8
1309,8
1310,7
1311,9
1312,3
1313,36
1314,8
1315,11
1316,47
1317,6
1318,3
1319,7
1320,8
1321,18
1322,70
1323,31
1324,22
1325,56
1326,21
1327,7
1328,24
1329,10
1330,30
1331,8
1332,74
1333,23
1334,5
1335,35
1336,54
1337,2
1338,27
1339,7
1340,73
1341,24
1342,6
1343,7
1344,14
1345,84
1346,31
1347,33
1348,12
1349,17
1350,27
1351,16
1352,19
1353,28
1354,13
1355,9
1356,152
1357,75.36
1358,160
1359,500
1360,96
1361,4376
1362,60000
1363,3/9+2/9
1364,4.8
1365,4/5
1366,20
1367,9
1368,7536
1369,30
1370,36
1371,27
1372,295
1373,60
1374,93.75
1375,19/35
1376,1250
1377,29
1378,27
1379,24
1380,9
1381,879.2
1382,600
1383,292
1384,456
1385,14
1386,18
1387,3.2
1388,135
1389,2.1
1390,34
1391,30
1392,48000
1393,5
1394,4
1395,16
1396,16
1397,100
1398,95
1399,768
1400,3
1401,180
1402,640
1403,30
1404,24
1405,5
1406,8
1407,36
1408,987
1409,125
1410,132
1411,500
1412,800
1413,37
1414,308
1415,3600
1416,27778.5
1417,9
1418,200
1419,35
1420,29/20
1421,23.4
1422,39.45
1423,5.8
1424,0.008
1425,15
1426,9
1427,4
1428,504
1429,8
1430,30
1431,30
1432,3
1433,182
1434,2
1435,45.7
1436,200
1437,217.4
1438,92.7
1439,720
1440,20
1441,9
1442,105
1443,90
1444,54
1445,18
1446,18000
1447,297
1448,0.7
1449,4
1450,44
1451,75.6
1452,216
1453,413
1454,45
1455,80
1456,99
1457,45
1458,4
1459,9
1460,3600
1461,560
1462,204
1463,330
1464,8
1465,310
1466,45
1467,284
1468,10
1469,2.7
1470,147
1471,97
1472,8
1473,180
1474,26
1475,9
1476,40
1477,4500
1478,3.78
1479,16
1480,0.5
1481,7968
1482,10
1483,3
1484,129/243
1485,4
1486,10
1487,27
1488,8
1489,56
1490,2
1491,27
1492,45
1493,14250
1494,32
1495,4
1496,9
1497,7
1498,10.7
1499,2370
1500,94
1501,4
1502,208
1503,4
1504,471
1505,28
1506,89
1507,128
1508,30.8
1509,900
1510,945
1511,20
1512,51.2
1513,200
1514,54
1515,400
1516,36
1517,1.6
1518,10460
1519,18
1520,60
1521,24
1522,390
1523,3
1524,149
1525,4
1526,282.4
1527,3
1528,4
1529,810
1530,910
1531,30
1532,8
1533,90
1534,6720
1535,1
1536,2.5
1537,24
1538,1/20
1539,480
1540,128
1541,50.24
1542,21
1543,90
1544,0.8
1545,300
1546,180
1547,23
1548,1
1549,9
1550,39
1551,56
1552,3800
1553,3150
1554,5
1555,753.6
1556,3.768
1557,3
1558,320
1559,200
1560,8000
1561,27
1562,10
1563,80
1564,80
1565,270
1566,800
1567,12
1568,5280
1569,9.8
1570,3950
1571,8
1572,15.7
1573,6
1574,52
1575,9
1576,6720
1577,30
1578,242
1579,294
1580,125
1581,64
1582,125
1583,200
1584,127
1585,960
1586,300
1587,60
1588,59
1589,2400
1590,73
1591,32
1592,96
1593,200
1594,150
1595,34
1596,5.2
1597,20%
1598,10
1599,90
1600,30
1601,256
1602,30
1603,8
1604,16
1605,74%
1606,1260
1607,112
1608,8
1609,23.584
1610,200.96
1611,200.96
1612,700
1613,409.6
1614,37.68
1615,56
1616,553
1617,40
1618,375
1619,384
1620,52.5
1621,150
1622,240
1623,120
1624,240
1625,392.7
1626,20
1627,2500
1628,1_1/4
1629,14
1630,2000
1631,10
1632,30
1633,1
1634,85
1635,2
1636,7
1637,27
1638,20
1639,0.4
1640,72
1641,2.3
1642,396
1643,720
1644,78
1645,10
1646,12.56
1647,15
1648,72
1649,27
1650,1770
1651,30
1652,20
1653,15
1654,87%
1655,439.2
1656,3
1657,4000
1658,48
1659,8.1
1660,202
1661,4
1662,3
1663,40
1664,3.2
1665,3
1666,25
1667,660
1668,625
1669,3.42
1670,3/10
1671,64523
1672,1320
1673,30
1674,70
1675,72
1676,300
1677,2
1678,72
1679,5000
1680,20
1681,2400
1682,138
1683,240
1684,3
1685,52
1686,150
1687,270
1688,500.63
1689,150
1690,1120
1691,16
1692,3
1693,0.4
1694,37.68
1695,480
1696,104
1697,5
1698,30
1699,6
1700,34
1701,20
1702,6.95
1703,4.2
1704,40
1705,0.2
1706,4/3
1707,18
1708,400
1709,5
1710,768
1711,34
1712,6600
1713,404
1714,800
1715,9
1716,4
1717,450
1718,18
1719,720
1720,1/2
1721,35.98
1722,12
1723,384
1724,188.4
1725,24
1726,39
1727,378.4
1728,8
1729,360
1730,3
1731,5
1732,100
1733,37.5
1734,25
1735,96
1736,90
1737,150
1738,293.33
1739,3708
1740,27
1741,42
1742,50
1743,1380
1744,40
1745,80
1746,96
1747,9.42
1748,32
1749,300
1750,214
1751,390
1752,9
1753,1.74
1754,25
1755,45
1756,5
1757,12
1758,157
1759,100
1760,17
1761,192
1762,32.13
1763,237
1764,5
1765,225
1766,55
1767,30
1768,36
1769,8
1770,0.5
1771,230
1772,240
1773,3000
1774,4
1775,200
1776,640
1777,250
1778,1140
1779,920
1780,50
1781,9
1782,1075
1783,1800
1784,63
1785,2
1786,9
1787,6
1788,1012
1789,6
1790,600
1791,250
1792,28
1793,10940
1794,5
1795,20
1796,5
1797,230
1798,24
1799,380
1800,4
1801,7/8
1802,3360
1803,50
1804,300
1805,1256
1806,7200
1807,56
1808,240
1809,8
1810,630
1811,5
1812,34.54
1813,2
1814,8
1815,108
1816,8
1817,20
1818,221
1819,36
1820,7040
1821,27
1822,240
1823,9
1824,3768
1825,282
1826,10
1827,5
1828,80
1829,284.5
1830,40
1831,3
1832,45
1833,5800
1834,232
1835,349.2
1836,843
1837,3
1838,8
1839,2
1840,300
1841,2
1842,12
1843,4
1844,280
1845,20.56
1846,25
1847,702
1848,9
1849,3000
1850,828
1851,45.72
1852,40
1853,1035
1854,3
1855,11
1856,1800
1857,2250
1858,50
1859,30
1860,100
1861,2.5
1862,96
1863,12
1864,7
1865,9
1866,735
1867,6
1868,195
1869,6720
1870,6300
1871,20
1872,5400
1873,7760
1874,3
1875,11
1876,24
1877,6
1878,108
1879,48
1880,9.42
1881,6.27
1882,6
1883,3576
1884,1088
1885,18
1886,8
1887,10
1888,270
1889,7
1890,16
1891,52%
1892,54
1893,28.26
1894,250
1895,4096
1896,0.07
1897,3
1898,12
1899,64
1900,9
1901,32
1902,36
1903,2.43
1904,3
1905,192
1906,420
1907,380
1908,27
1909,21
1910,225
1911,1469
1912,12
1913,12
1914,1.38
1915,216
1916,18
1917,11
1918,167
1919,96
1920,12
1921,48
1922,12
1923,504
1924,13
1925,12
1926,12.6
1927,72
1928,7.5
1929,314
1930,20
1931,5
1932,40
1933,450
1934,1785
1935,8
1936,189
1937,37.68
1938,11
1939,40
1940,400
1941,0.8
1942,62.8
1943,5000
1944,40.7
1945,24
1946,2930
1947,250
1948,24
1949,25
1950,20%
1951,7
1952,6
1953,2.2
1954,2
1955,4900
1956,70
1957,201
1958,78.5
1959,70
1960,16
1961,0.2
1962,3620
1963,25
1964,3800
1965,604
1966,247
1967,480
1968,28.26
1969,11
1970,89
1971,4
1972,2
1973,0.8
1974,12
1975,43
1976,2
1977,60
1978,90
1979,9
1980,50
1981,28
1982,14.4
1983,20.7
1984,7
1985,84
1986,200
1987,2/3
1988,48
1989,3400
1990,201
1991,12
1992,759
1993,298.75
1994,22
1995,4605
1996,31
1997,12
1998,7
1999,25
2000,12
2001,160
2002,3.75
2003,81
2004,8
2005,30
2006,265
2007,885
2008,900
2009,621
2010,75
2011,42
2012,700
2013,0.4
2014,30
2015,132
2016,14
2017,3.4
2018,2
2019,400
2020,130
2021,84
2022,450
2023,400
2024,15
2025,21.8
2026,270
2027,18
2028,9
2029,15%
2030,25%
2031,4
2032,7
2033,40
2034,34560
2035,2300
2036,648
2037,720
2038,384
2039,0.75
2040,1.6
2041,204.35
2042,31.4
2043,6
2044,0.5
2045,10
2046,240
2047,30
2048,8
2049,20
2050,4
2051,1091
2052,270
2053,459.6
2054,20
2055,50.24
2056,45
2057,80
2058,4.8
2059,190000
2060,200
2061,44
2062,不够
2063,27.4
2064,24
2065,650
2066,5000
2067,400
2068,21.98
2069,315
2070,51
2071,262
2072,3
2073,96
2074,19
2075,30
2076,280
2077,4
2078,420
2079,2000
2080,3.3
2081,20
2082,35
2083,13
2084,3.75
2085,80
2086,942
2087,54
2088,270
2089,170
2090,128
2091,108
2092,25000
2093,900
2094,1008
2095,504
2096,40
2097,24
2098,5.6
2099,8
2100,840
2101,2800
2102,5
2103,15
2104,96
2105,37
2106,13
2107,33.12
2108,2820
2109,2656
2110,200
2111,8
2112,80
2113,19.84
2114,40
2115,622
2116,5
2117,200
2118,6280
2119,240
2120,9
2121,528
2122,254.34
2123,3.14
2124,4.9
2125,1
2126,830
2127,99
2128,396
2129,96
2130,3
2131,300
2132,8
2133,3865
2134,7
2135,1859
2136,22
2137,8
2138,14
2139,12
2140,3.5
2141,8
2142,12
2143,12
2144,0.4
2145,9
2146,1332
2147,24
2148,7/12
2149,30
2150,87.92
2151,87.94
2152,4
2153,87.92
2154,701
2155,13
2156,10
2157,120
2158,27
2159,4.536
2160,32
2161,480
2162,84
2163,12
2164,22
2165,40
2166,520
2167,290
2168,17
2169,2
2170,2
2171,4
2172,13%
2173,10887
2174,9
2175,12.8%
2176,65%
2177,4
2178,320
2179,96
2180,7850
2181,240
2182,715
2183,9
2184,2834
2185,72
2186,25
2187,441
2188,728
2189,30
2190,900
2191,8
2192,225
2193,56
2194,3
2195,3400
2196,24
2197,1
2198,389
2199,11
2200,100
2201,384
2202,4800
2203,11400
2204,3.5
2205,5
2206,15
2207,40
2208,18
2209,210
2210,496
2211,50.24
2212,385
2213,3.6
2214,1.54
2215,10
2216,9
2217,248
2218,9
2219,20
2220,1089
2221,420
2222,490
2223,30
2224,4.29
2225,75
2226,7.2
2227,90
2228,3.14
2229,4500
2230,94.2
2231,4
2232,30
2233,9
2234,1.07
2235,1.44
2236,5
2237,245
2238,50
2239,8000
2240,1500
2241,47
2242,4
2243,5728
2244,45
2245,1.5
2246,6
2247,90
2248,4.5
2249,875
2250,1884
2251,90
2252,75
2253,24
2254,1440
2255,9
2256,20
2257,5600
2258,32
2259,7
2260,384
2261,16%
2262,22%
2263,9.5
2264,7
2265,125
2266,230
2267,22.5
2268,4
2269,72
2270,4
2271,175
2272,35
2273,58
2274,10
2275,81
2276,1200
2277,320
2278,1
2279,4
2280,30
2281,7560
2282,1950
2283,1190
2284,3376
2285,52
2286,20
2287,15
2288,5
2289,288
2290,100
2291,45
2292,45
2293,40
2294,56
2295,349.62
2296,72
2297,8
2298,2
2299,62.8
2300,38.4
2301,2.5
2302,270
2303,30
2304,53.4
2305,5
2306,10
2307,45
2308,13
2309,8
2310,8
2311,6
2312,72
2313,5700
2314,3250
2315,6
2316,732
2317,420
2318,2
2319,48
2320,75
2321,300
2322,96
2323,34
2324,75
2325,900
2326,1537
2327,35
2328,48
2329,13
2330,75
2331,7
2332,0.2
2333,3900
2334,11.46
2335,80
2336,12
2337,5
2338,703
2339,3
2340,5
2341,1520
2342,12
2343,58
2344,5/8
2345,98
2346,588
2347,96
2348,52
2349,407
2350,1200
2351,40
2352,210
2353,24
2354,90
2355,200
2356,540
2357,12
2358,75
2359,1333
2360,62.5%
2361,12
2362,448
2363,9
2364,476
2365,390
2366,30
2367,28.26
2368,4
2369,4
2370,75
2371,7
2372,0.4083
2373,72
2374,240
2375,42
2376,8
2377,7
2378,3
2379,2.2
2380,180
2381,24
2382,6.25
2383,1296
2384,570
2385,127
2386,230
2387,730
2388,14
2389,3.75
2390,90
2391,24
2392,21
2393,54
2394,25
2395,5
2396,128
2397,7
2398,352
2399,40%
2400,27.9
2401,28
2402,9.5
2403,8
2404,370
2405,32
2406,52
2407,2.7
2408,32
2409,9.42
2410,3
2411,50.24
2412,5
2413,3
2414,32
2415,200
2416,12.56
2417,275
2418,80
2419,20
2420,942
2421,400
2422,5
2423,21
2424,3.6
2425,360
2426,72
2427,8
2428,60
2429,7.2
2430,49
2431,30
2432,4.8
2433,4
2434,120
2435,18
2436,37.7
2437,51.2
2438,20
2439,12
2440,9
2441,249
2442,36
2443,5
2444,25
2445,8
2446,105
2447,455
2448,21
2449,75
2450,165
2451,30
2452,50
2453,283.5
2454,60
2455,25
2456,25%
2457,196
2458,30
2459,288.74
2460,30
2461,5
2462,5
2463,20
2464,392
2465,81
2466,150.72
2467,2
2468,31
2469,32
2470,20
2471,44
2472,5
2473,120
2474,12
2475,80
2476,25
2477,35
2478,3
2479,60
2480,30
2481,3
2482,34
2483,2
2484,50.24
2485,600
2486,9
2487,427
2488,2
2489,8
2490,12
2491,9
2492,12
2493,2
2494,79
2495,98
2496,25
2497,15600
2498,1/8
2499,75
2500,800
2501,4
2502,2000
2503,20
2504,35%
2505,40
2506,4_2/3
2507,30
2508,216
2509,72
2510,2500
2511,34.54
2512,590
2513,3.768
2514,2.05
2515,80
2516,2
2517,25.12
2518,87.92
2519,5
2520,198.1
2521,5840
2522,39.26
2523,4
2524,12
2525,356
2526,30
2527,300
2528,40
2529,66
2530,12
2531,8
2532,45
2533,98
2534,36
2535,5
2536,4
2537,216
2538,0.8
2539,144
2540,4.5
2541,8
2542,10
2543,2
2544,405
2545,15
2546,1000
2547,20
2548,425
2549,22
2550,3
2551,5
2552,396
2553,20%
2554,10
2555,3
2556,300
2557,502.4
2558,5
2559,128
2560,32
2561,10
2562,9
2563,30
2564,4
2565,396
2566,98
2567,25.12
2568,2
2569,388
2570,300
2571,3180
2572,8
2573,4.5
2574,30
2575,60
2576,5
2577,39.5
2578,28.26
2579,4
2580,2096
2581,12
2582,12
2583,58
2584,3.5
2585,8
2586,52
2587,5
2588,28
2589,9
2590,2.1875
2591,10
2592,27
2593,220
2594,320
2595,300
2596,180
2597,9
2598,43.2
2599,40
2600,125
2601,3360
2602,2100
2603,30
2604,128
2605,30
2606,12
2607,40
2608,16
2609,9
2610,54
2611,12.56
2612,1364
2613,112.5
2614,30
2615,10
2616,90
2617,2500
2618,720
2619,4
2620,93.75%
2621,0.2
2622,2/5
2623,25
2624,3
2625,18.84
2626,50.24
2627,450
2628,25%
2629,200
2630,540
2631,60
2632,48
2633,73
2634,56
2635,50
2636,8
2637,94.7
2638,16
2639,8
2640,20
2641,5
2642,9
2643,96
2644,30
2645,128
2646,76
2647,48
2648,320
2649,960
2650,4
2651,5
2652,3.2
2653,240
2654,270
2655,2.4
2656,3.75
2657,5.6
2658,5.4
2659,20
2660,37.68
2661,8
2662,30
2663,7
2664,480
2665,1800
2666,35
2667,93.75%
2668,84
2669,44
2670,0.4
2671,80
2672,35
2673,25
2674,40
2675,35
2676,15
2677,2
2678,816
2679,207.6
2680,224
2681,9
2682,2.3
2683,36
2684,4
2685,2800
2686,24%
2687,4
2688,97
2689,4
2690,210
2691,800
2692,7
2693,176
2694,10
2695,20
2696,75.36
2697,530
2698,3
2699,24
2700,12
2701,24/7
2702,1200
2703,1
2704,7.8
2705,200
2706,5
2707,12
2708,6
2709,4.2
2710,50
2711,13
2712,90.7
2713,720
2714,2
2715,370
2716,75.36
2717,200
2718,24
2719,2.5
2720,12000
2721,1764
2722,19200
2723,1709
2724,20300
2725,18
2726,15
2727,50
2728,2234
2729,9
2730,13
2731,30
2732,5
2733,200
2734,6
2735,3.5
2736,5
2737,1
2738,2
2739,18
2740,3
2741,10
2742,37
2743,990
2744,30
2745,90
2746,30
2747,23
2748,225
2749,4096
2750,26
2751,17
2752,1000
2753,1/8
2754,9
2755,96
2756,1.26
2757,200
2758,48
2759,37.5
2760,2
2761,180
2762,75
2763,432
2764,129
2765,19.7
2766,8
2767,2
2768,419
2769,5
2770,20
2771,42
2772,6
2773,26
2774,20
2775,24
2776,8
2777,8
2778,90
2779,300
2780,9
2781,20
2782,8
2783,4
2784,375
2785,7
2786,960
2787,86
2788,256
2789,17
2790,6
2791,4
2792,36
2793,32
2794,4
2795,100
2796,40
2797,8
2798,5
2799,7
2800,5
2801,156
2802,7
2803,1
2804,855
2805,240
2806,200
2807,23
2808,24
2809,16
2810,251.2
2811,1344
2812,100
2813,5
2814,251.2
2815,1
2816,12
2817,360
2818,49
2819,420
2820,0.86
2821,120
2822,240
2823,7
2824,7
2825,64
2826,4800
2827,5
2828,250
2829,32
2830,23
2831,17
2832,13
2833,72
2834,598
2835,6
2836,19
2837,1200
2838,400
2839,50%
2840,80
2841,40
2842,35
2843,27
2844,360
2845,301.44
2846,50
2847,48
2848,94.2
2849,846
2850,13
2851,50.24
2852,5
2853,8
2854,30
2855,10%
2856,2
2857,28
2858,30
2859,8.5
2860,5500
2861,316
2862,7
2863,390.4
2864,8
2865,16
2866,10
2867,40
2868,4.71
2869,1
2870,280
2871,3000
2872,1200
2873,5
2874,25.12
2875,750
2876,4
2877,30%
2878,910
2879,32
2880,5
2881,7200
2882,96%
2883,30
2884,2
2885,35
2886,8
2887,1256
2888,380
2889,251.2
2890,1950
2891,270
2892,2
2893,7
2894,250
2895,20%
2896,2
2897,279
2898,2490
2899,1375
2900,9
2901,527
2902,19
2903,9
2904,27
2905,138
2906,30
2907,40
2908,50.24
2909,300
2910,4
2911,10
2912,505
2913,66
2914,2
2915,320
2916,17
2917,3014.56
2918,25
2919,399
2920,180
2921,16
2922,2.56
2923,6600
2924,0.5
2925,4
2926,12000
2927,8
2928,297
2929,8
2930,132
2931,16
2932,789
2933,10
2934,7
2935,753.36
2936,75
2937,78.5
2938,6
2939,3
2940,2700
2941,200
2942,75.36
2943,78
2944,12
2945,219.5
2946,49
2947,40.82
2948,55
2949,391
2950,42
2951,2.9
2952,84
2953,72
2954,525
2955,11.25
2956,3
2957,8
2958,30
2959,8
2960,8
2961,30
2962,43
2963,95
2964,12.56
2965,32
2966,70
2967,150
2968,30
2969,280
2970,12
2971,2.88
2972,290
2973,80
2974,0.96
2975,12
2976,14.4
2977,62.8
2978,176
2979,25
2980,48
2981,92.7%
2982,8
2983,4750
2984,1200
2985,47
2986,1.6
2987,5
2988,80
2989,2
2990,5.6
2991,1.6
2992,78.5
2993,388
2994,700
2995,40
2996,400
2997,95
2998,18
2999,14
3000,80
3001,240
3002,88
3003,65.36
3004,0.2
3005,40
3006,27
3007,29
3008,126
3009,302.84
3010,87.92
3011,1.2
3012,251.2
3013,1271
3014,628
3015,800
3016,4
3017,200
3018,96
3019,90
3020,40
3021,25
3022,960
3023,200
3024,15
3025,56
3026,33
3027,4000
3028,3600
3029,1440
3030,9
3031,722
3032,27
3033,18
3034,8
3035,50
3036,720
3037,8
3038,15%
3039,4
3040,942
3041,3
3042,10
3043,3.75
3044,54
3045,7
3046,28
3047,1780
3048,4
3049,30
3050,3
3051,54
3052,48
3053,8
3054,21
3055,30
3056,400
3057,3
3058,730
3059,512
3060,450
3061,704
3062,50.24
3063,34.54
3064,290
3065,20
3066,1600
3067,24
3068,140
3069,750
3070,120
3071,6240
3072,25%
3073,80
3074,4.3
3075,350
3076,30
3077,3516.8
3078,30
3079,45
3080,75
3081,80
3082,3768
3083,0.75
3084,24
3085,54
3086,2000
3087,20
3088,5
3089,8
3090,100%
3091,489
3092,42
3093,48
3094,393
3095,379.2
3096,47
3097,6
3098,38.26
3099,3
3100,2.18
3101,7/12
3102,100
3103,32
3104,2.76
3105,30
3106,240
3107,900
3108,50
3109,5_5/12
3110,4
3111,360
3112,192
3113,160
3114,490
3115,1.2
3116,300
3117,288
3118,81
3119,45
3120,55
3121,300
3122,300
3123,27
3124,12
3125,150
3126,900
3127,28
3128,8
3129,420
3130,3150
3131,78
3132,10
3133,5.9
3134,800
3135,80
3136,247.92
3137,47.1
3138,720
3139,47
3140,95%
3141,4000
3142,20
3143,27
3144,8
3145,232
3146,5
3147,1800
3148,1.5
3149,400
3150,20
3151,30
3152,4
3153,50
3154,9
3155,120
3156,24
3157,0.4
3158,30
3159,8
3160,47.6
3161,380
3162,14400
3163,20%
3164,1.44
3165,48
3166,5
3167,38
3168,174
3169,7
3170,24
3171,20
3172,32
3173,39
3174,84
3175,40
3176,2467
3177,12
3178,624
3179,46
3180,900
3181,36.3
3182,4
3183,3.7
3184,720
3185,180
3186,5.5
3187,28
3188,654
3189,25
3190,60
3191,425
3192,289
3193,60
3194,720
3195,30
3196,52
3197,5120
3198,1800
3199,480
3200,70
3201,80
3202,3600
3203,32
3204,198
3205,7
3206,475
3207,380
3208,27
3209,70
3210,120
3211,39.8
3212,72
3213,8
3214,9
3215,75
3216,600
3217,800
3218,25
3219,100
3220,9
3221,7
3222,25
3223,350
3224,360
3225,1075
3226,160
3227,5
3228,30
3229,8
3230,2540
3231,384
3232,3900
3233,324
3234,28
3235,3082
3236,924
3237,3250
3238,275
3239,25
3240,25
3241,4380
3242,1100
3243,1160
3244,600
3245,50
3246,1940
3247,372
3248,2500
3249,2700
3250,280
3251,78
3252,300
3253,1200
3254,30
3255,6
3256,25
3257,3
3258,8
3259,4
3260,2580
3261,8
3262,75
3263,20
3264,3.25
3265,9
3266,7
3267,470
3268,35
3269,186
3270,225
3271,24
3272,27
3273,7
3274,75
3275,336
3276,180
3277,35
3278,305
3279,625
3280,784
3281,5000
3282,7
3283,150
3284,1208
3285,4
3286,24
3287,8
3288,50
3289,900
3290,250
3291,37
3292,120
3293,9
3294,25
3295,27
3296,74
3297,200
3298,1000
3299,234
3300,5
3301,16
3302,792
3303,138
3304,99
3305,11
3306,447
3307,477
3308,93
3309,39
3310,112
3311,730
3312,84
3313,9
3314,31
3315,7
3316,63
3317,315
3318,269
3319,8
3320,220
3321,54
3322,605
3323,21
3324,8320
3325,60
3326,200
3327,2312.5
3328,1425
3329,32
3330,80
3331,90
3332,250
3333,1440
3334,420
3335,90
3336,207
3337,23
3338,432
3339,480
3340,200
3341,804
3342,95
3343,4
3344,79
3345,2
3346,100
3347,15
3348,2400
3349,172
3350,32
3351,14
3352,12
3353,48
3354,39
3355,2600
3356,784
3357,130
3358,60
3359,86
3360,550
3361,360
3362,200
3363,240
3364,40
3365,82
3366,77
3367,300
3368,121
3369,10
3370,1350
3371,2370
3372,940
3373,180
3374,634
3375,300
3376,7
3377,910
3378,300
3379,256
3380,27
3381,945
3382,93
3383,786
3384,1170
3385,84
3386,25
3387,15
3388,24
3389,25
3390,98
3391,432
3392,960
3393,60
3394,40
3395,130
3396,24
3397,35
3398,60
3399,100
3400,845
3401,90
3402,45
3403,76
3404,9
3405,46
3406,246
3407,50
3408,50
3409,16
3410,250
3411,6
3412,216
3413,4650
3414,35
3415,240
3416,5
3417,50
3418,16
3419,195
3420,56
3421,91
3422,552
3423,7980
3424,7500
3425,9
3426,3120
3427,432
3428,8
3429,25
3430,4
3431,37
3432,2075
3433,12
3434,70
3435,35.44
3436,3
3437,18
3438,48
3439,87
3440,0.8
3441,480
3442,50
3443,10
3444,1290
3445,234
3446,80
3447,3
3448,75
3449,96
3450,1400
3451,208
3452,5200
3453,4
3454,30
3455,128
3456,14
3457,28
3458,40
3459,3
3460,52
3461,25
3462,15
3463,35.28
3464,3
3465,5
3466,180
3467,180
3468,798
3469,350
3470,9
3471,9
3472,8
3473,536
3474,20
3475,2500
3476,23
3477,25
3478,8
3479,600
3480,760
3481,3
3482,40
3483,80
3484,800
3485,48
3486,40
3487,63
3488,240
3489,90
3490,20
3491,1728
3492,34
3493,84
3494,10
3495,15
3496,5
3497,3
3498,9
3499,9
3500,6
3501,16
3502,50
3503,800
3504,4
3505,3120
3506,30
3507,63.75
3508,475
3509,32
3510,270
3511,420
3512,12
3513,9375
3514,23
3515,5760
3516,152
3517,6
3518,25
3519,1025
3520,192
3521,8
3522,3
3523,6
3524,45
3525,400
3526,90
3527,150
3528,2
3529,7
3530,4
3531,10
3532,7
3533,390
3534,0.2
3535,5
3536,10
3537,6
3538,192
3539,376
3540,150
3541,2400
3542,12180
3543,2800
3544,6
3545,5
3546,15
3547,1494
3548,588
3549,2000
3550,8
3551,75
3552,15
3553,4750
3554,205
3555,720
3556,234
3557,8
3558,75
3559,520
3560,394
3561,1400
3562,892
3563,9
3564,380
3565,164
3566,52
3567,567
3568,1512
3569,2
3570,11
3571,10
3572,10
3573,35
3574,30
3575,2200
3576,35
3577,20
3578,18
3579,34
3580,4560
3581,76
3582,74
3583,30
3584,405
3585,4
3586,50
3587,309
3588,6480
3589,8
3590,400
3591,50
3592,57.6
3593,15
3594,40
3595,1760
3596,475
3597,7
3598,23
3599,5
3600,154
3601,80480
3602,74
3603,3027
3604,1500
3605,640
3606,40
3607,15
3608,20
3609,20/9
3610,12
3611,25
3612,2548
3613,75
3614,945
3615,8
3616,540
3617,112
3618,2.56
3619,160
3620,150
3621,7
3622,450
3623,234
3624,15
3625,4900
3626,90
3627,48
3628,1080
3629,297
3630,1200
3631,920
3632,388
3633,14000
3634,3375
3635,175
3636,140
3637,495
3638,15
3639,398
3640,79
3641,7
3642,108
3643,4200
3644,29.5
3645,23
3646,36
3647,2450
3648,3
3649,90
3650,20
3651,7
3652,48
3653,270
3654,134
3655,4
3656,143
3657,912
3658,70
3659,502
3660,24
3661,2400
3662,5
3663,51
3664,8
3665,492
3666,92
3667,230
3668,805
3669,1200
3670,3080
3671,1440
3672,13
3673,100
3674,14.5
3675,800
3676,4890
3677,12
3678,1.2
3679,5960
3680,840
3681,180
3682,9
3683,6
3684,10
3685,87
3686,1536
3687,400
3688,1000
3689,384
3690,900
3691,20
3692,8
3693,4
3694,1058
3695,504
3696,50
3697,3
3698,1300
3699,203
3700,1632
3701,290
3702,960
3703,5
3704,1350
3705,7
3706,4500
3707,56
3708,25
3709,46
3710,6
3711,72
3712,18105
3713,10
3714,480
3715,5*3*38=570
3716,10000
3717,509
3718,24
3719,684
3720,13
3721,294
3722,1095
3723,72
3724,14850
3725,7
3726,20
3727,100
3728,11
3729,30
3730,1275
3731,84
3732,320
3733,34
3734,534
3735,200
3736,107
3737,3800
3738,540
3739,12000
3740,439
3741,450
3742,742
3743,5970
3744,120
3745,450
3746,212
3747,9
3748,150
3749,7
3750,260
3751,105
3752,200
3753,288
3754,1356
3755,720
3756,37
3757,56
3758,3360
3759,5000
3760,18000
3761,94
3762,74
3763,6
3764,1.5
3765,11
3766,5
3767,2210
3768,300
3769,12
3770,51
3771,2160
3772,108
3773,9
3774,780
3775,11
3776,20000
3777,25
3778,76325
3779,8
3780,552
3781,16
3782,12
3783,210
3784,1
3785,8
3786,4790
3787,48
3788,414
3789,342
3790,0.65
3791,3430
3792,120
3793,65
3794,220
3795,94.8
3796,36
3797,36
3798,98
3799,94
3800,1100
3801,7.4
3802,7390
3803,9
3804,15
3805,84
3806,1673
3807,5000
3808,54
3809,5
3810,105
3811,144
3812,72
3813,150
3814,900
3815,48
3816,813
3817,15
3818,45
3819,36
3820,9300
3821,40
3822,36
3823,50
3824,120
3825,5
3826,36
3827,9
3828,576
3829,1710
3830,389
3831,8.64
3832,112000
3833,13
3834,1080
3835,90
3836,896
3837,14
3838,45
3839,2940
3840,900
3841,1232
3842,192
3843,1670
3844,0.5
3845,8
3846,7
3847,576
3848,15
3849,7600
3850,90
3851,256
3852,2.4
3853,56
3854,2520
3855,75
3856,720
3857,t8
3858,455
3859,75
3860,896
3861,96
3862,140
3863,1440
3864,468
3865,3500
3866,1680
3867,375
3868,422
3869,5000
3870,1.5
3871,40
3872,14
3873,9840
3874,25
3875,5760
3876,54
3877,120
3878,754
3879,2800
3880,9.8
3881,5
3882,3
3883,3
3884,29
3885,7
3886,180
3887,64
3888,200
3889,1200
3890,144
3891,8
3892,1.84
3893,108
3894,12
3895,24
3896,270
3897,27
3898,12
3899,5
3900,5
3901,3
3902,34
3903,3600
3904,3
3905,7
3906,144
3907,168
3908,13.5
3909,3.2
3910,410
3911,6
3912,91
3913,190
3914,16084
3915,5000
3916,1500
3917,8
3918,3360
3919,312
3920,75
3921,2740
3922,2100
3923,9
3924,750
3925,5
3926,4
3927,270
3928,225
3929,290
3930,484
3931,4.08
3932,320
3933,94
3934,175
3935,50
3936,1956
3937,57
3938,631
3939,9720
3940,412
3941,1247
3942,7
3943,776
3944,12.8
3945,40
3946,288
3947,4
3948,50
3949,4
3950,945
3951,420
3952,3
3953,549.6
3954,462
3955,1000
3956,284
3957,12
3958,8
3959,20
3960,90
3961,54
3962,36
3963,375
3964,574
3965,104
3966,52
3967,4
3968,352
3969,15
3970,20
3971,65
3972,59
3973,92
3974,96
3975,40
3976,7
3977,20
3978,35
3979,30
3980,20
3981,70
3982,3
3983,300
3984,30
3985,2700
3986,51.5
3987,9
3988,480
3989,28
3990,1720
3991,8
3992,2920
3993,60
3994,960
3995,13
3996,9
3997,56
3998,58
3999,20
4000,46
4001,21
4002,1295
4003,1754
4004,5934
4005,40
4006,63
4007,15
4008,90
4009,94
4010,90
4011,12
4012,176
4013,10
4014,140
4015,72
4016,20
4017,208
4018,13.8
4019,13
4020,20
4021,1.5
4022,8
4023,390
4024,80
4025,800
4026,3092
4027,2
4028,200
4029,3
4030,28
4031,18
4032,40
4033,960
4034,45
4035,9
4036,4
4037,75
4038,3250
4039,247
4040,40
4041,500
4042,30
4043,800
4044,12
4045,20
4046,2400
4047,1800
4048,92
4049,292
4050,90
4051,3
4052,200
4053,9
4054,75
4055,108
4056,30
4057,270
4058,297
4059,26
4060,200
4061,900
4062,576
4063,645
4064,4
4065,410
4066,174
4067,4320
4068,24
4069,912
4070,7
4071,3750
4072,79
4073,330
4074,1400
4075,110
4076,30
4077,6
4078,9.75
4079,200
4080,12
4081,160
4082,1978
4083,1672
4084,7
4085,350
4086,122
4087,1442
4088,2400
4089,96
4090,48
4091,930
4092,73
4093,25
4094,8000
4095,3494
4096,3
4097,3.5
4098,238.4
4099,2040
4100,45
4101,135
4102,800
4103,3.75
4104,39
4105,1760
4106,20
4107,2304
4108,37
4109,24.75
4110,8
4111,6/5
4112,5
4113,37
4114,4290
4115,80
4116,8
4117,8
4118,12
4119,690
4120,24
4121,5
4122,40
4123,9
4124,23
4125,70
4126,30000
4127,1035
4128,90
4129,70
4130,350
4131,564
4132,2395
4133,26.2
4134,190
4135,20
4136,420
4137,3
4138,24
4139,1.2
4140,50
4141,89
4142,960
4143,990
4144,1112
4145,470
4146,49
4147,13
4148,12
4149,1163
4150,256
4151,80
4152,1
4153,504
4154,735
4155,3.5
4156,9
4157,428
4158,3
4159,2
4160,3125
4161,120
4162,3.14
4163,5320
4164,95
4165,300
4166,37
4167,370
4168,24
4169,9
4170,512
4171,18.75
4172,756
4173,1440
4174,1152
4175,400
4176,48
4177,301.44
4178,394.2
4179,17.5
4180,8
4181,6
4182,48
4183,169
4184,240
4185,32
4186,25
4187,72
4188,3
4189,4
4190,30
4191,283.5
4192,300
4193,4
4194,94.3%
4195,28.26
4196,200
4197,384
4198,62.8
4199,27
4200,159
4201,57
4202,130%
4203,480
4204,3.14
4205,22500
4206,13
4207,720
4208,138
4209,520
4210,47
4211,12
4212,216
4213,30
4214,350
4215,30
4216,5
4217,300
4218,240
4219,1050
4220,10
4221,180
4222,42
4223,384
4224,40
4225,402.76
4226,90
4227,300
4228,9
4229,378
4230,45
4231,20
4232,90.785
4233,12.5%
4234,35.4
4235,44
4236,30
4237,540
4238,5
4239,96
4240,30
4241,20
4242,40
4243,350
4244,62
4245,960
4246,700
4247,36
4248,440
4249,4.5
4250,10
4251,18
4252,900
4253,4.3
4254,2
4255,3
4256,30.4
4257,8
4258,150
4259,70
4260,19
4261,548
4262,48
4263,759
4264,320
4265,8
4266,0.9
4267,54
4268,134
4269,12.56
4270,25/6
4271,32
4272,32
4273,75
4274,48
4275,500
4276,288
4277,140
4278,20
4279,5712
4280,36
4281,75.36
4282,15
4283,44
4284,27
4285,900
4286,17
4287,2700
4288,70
4289,15456
4290,160
4291,5
4292,10
4293,5980
4294,450
4295,144
4296,36
4297,870
4298,238
4299,90
4300,7
4301,14
4302,1440
4303,2
4304,420
4305,48.75
4306,30
4307,10
4308,5
4309,100
4310,40
4311,3900
4312,30
4313,288
4314,25%
4315,10%
4316,3996
4317,285
4318,238
4319,18
4320,193
4321,4
4322,255
4323,20
4324,5
4325,75.36
4326,50.46
4327,2
4328,80
4329,0.9
4330,32
4331,1800
4332,15
4333,288
4334,381
4335,200
4336,360
4337,92
4338,38.4
4339,64
4340,10%
4341,770
4342,30
4343,4000
4344,96
4345,9.2
4346,40%
4347,35.4
4348,20%
4349,6
4350,4
4351,40
4352,6
4353,16
4354,28
4355,3.5
4356,1.2
4357,98
4358,1.32
4359,9
4360,1250
4361,8
4362,2
4363,12
4364,750
4365,8
4366,200
4367,22/15
4368,270
4369,120
4370,78
4371,89.3
4372,20
4373,25
4374,18
4375,4/5
4376,42
4377,37
4378,25
4379,9
4380,3.14
4381,94
4382,3
4383,45
4384,280
4385,24
4386,5
4387,2
4388,450
4389,37.5
4390,2000
4391,3920
4392,6
4393,3
4394,22
4395,5120
4396,6400
4397,32000
4398,9
4399,7
4400,5
4401,960
4402,48
4403,20
4404,80
4405,32
4406,30
4407,9.6
4408,13
4409,8
4410,14
4411,94
4412,50
4413,562
4414,892
4415,8
4416,42
4417,92
4418,6000
4419,270
4420,9
4421,75
4422,12
4423,40
4424,502.5
4425,400
4426,9800
4427,98
4428,37.68
4429,314
4430,195.34
4431,16
4432,1/3
4433,73
4434,4
4435,800
4436,125
4437,19
4438,12.56
4439,3.14
4440,10
4441,1400
4442,10%
4443,9.42
4444,425
4445,20
4446,7
4447,150
4448,100.48
4449,75.36
4450,28.26
4451,3
4452,50.24
4453,5
4454,28800
4455,24
4456,9000
4457,35
4458,6
4459,20
4460,180
4461,75.36
4462,36
4463,37.28
4464,28.26
4465,28.26
4466,12.56
4467,314
4468,45
4469,840
4470,450
4471,450
4472,100.48
4473,2
4474,3480
4475,50.24
4476,2
4477,9
4478,396
4479,1920
4480,800
4481,342
4482,75.36
4483,360
4484,160
4485,150
4486,288
4487,7.5
4488,5
4489,12.56
4490,78.5
4491,2.5
4492,62.8
4493,5.5
4494,2900
4495,12.5
4496,12.56
4497,9
4498,314
4499,40
4500,80
4501,130
4502,3
4503,3600
4504,12.56
4505,70%
4506,20.56
4507,12.56
4508,12.56
4509,4578
4510,25
4511,90
4512,12
4513,7
4514,7
4515,36
4516,6.28
4517,2826
4518,12.56
4519,34
4520,2/3
4521,9
4522,4700
4523,50.24
4524,50.24
4525,4.98
4526,203.92
4527,4
4528,584
4529,2400
4530,60
4531,300
4532,14500
4533,6.25
4534,80
4535,5760
4536,90
4537,282.6
4538,5
4539,282.6
4540,3800
4541,48
4542,502.4
4543,28.26
4544,2
4545,785
4546,48
4547,32
4548,58
4549,428
4550,87.92
4551,25%
4552,7.536
4553,96
4554,3
4555,34
4556,164.93
4557,56.52
4558,25
4559,75
4560,2
4561,28.26
4562,2.7
4563,30
4564,500
4565,3200
4566,250
4567,30.82
4568,314
4569,97.4%
4570,5
4571,538.675
4572,3
4573,31.4
4574,12.56
4575,3
4576,7
4577,3014.4
4578,3014.4
4579,5.024
4580,6
4581,18.84
4582,10
4583,3.768
4584,8
4585,6.28
4586,8.23
4587,4/5
4588,3900
4589,2100
4590,24
4591,4
4592,48
4593,2487
4594,9
4595,4
4596,6
4597,4
4598,4
4599,56.52
4600,2826
4601,80.38
4602,45
4603,100
4604,3.216
4605,3.14
4606,78.5
4607,53.12
4608,4/5
4609,5280
4610,50
4611,314
4612,19.625
4613,62.8
4614,7.4
4615,3.14
4616,3
4617,15438.8
4618,240
4619,12.53
4620,12.56
4621,93.75%
4622,9
4623,400
4624,9
4625,2400
4626,80
4627,21.98
4628,180
4629,25
4630,29.6
4631,525
4632,72.56
4633,47.2
4634,73
4635,17
4636,46
4637,23.5
4638,400
4639,35
4640,62
4641,2.5
4642,50.24
4643,87.92
4644,3600
4645,794
4646,2.5
4647,48
4648,4
4649,74
4650,8.7
4651,8
4652,160
4653,48
4654,1000
4655,0.3
4656,1890
4657,86.4
4658,24
4659,33.6
4660,53.38
4661,153
4662,342
4663,30
4664,4
4665,125.6
4666,493
4667,21.98
4668,14
4669,7850
4670,430
4671,25.12
4672,60
4673,240
4674,480
4675,3
4676,47.1
4677,13.75%
4678,2.05
4679,87.92
4680,42
4681,9/56
4682,33.3%
4683,6
4684,942
4685,8
4686,2.5
4687,200
4688,900
4689,1/100
4690,2.7
4691,10
4692,73
4693,200.96
4694,15.7
4695,703.2
4696,40
4697,3.78
4698,35
4699,314
4700,1884
4701,25.12
4702,0.785
4703,3
4704,5
4705,30
4706,780
4707,56
4708,445
4709,34
4710,20%
4711,309
4712,2826
4713,112
4714,94.2
4715,1
4716,44.16
4717,28.26
4718,720
4719,38.5
4720,3/4
4721,562
4722,894
4723,2
4724,28.26
4725,18.84
4726,36
4727,20
4728,78.5
4729,7
4730,2
4731,470
4732,450
4733,36
4734,12400
4735,125.6
4736,208
4737,10
4738,1500
4739,1700
4740,25.12
4741,39.27
4742,5
4743,32.856
4744,729
4745,878.5
4746,18
4747,46
4748,1814.56
4749,401.92
4750,252
4751,24
4752,19.62
4753,362
4754,800
4755,4760
4756,31.4
4757,14
4758,27
4759,1333
4760,4
4761,54/29
4762,7.18
4763,0.002
4764,242
4765,12
4766,9.42
4767,314
4768,8
4769,21.98
4770,78.5
4771,20.5
4772,12.09
4773,2700
4774,70
4775,32
4776,394.2
4777,3.768
4778,12.5%
4779,27.025
4780,21.98
4781,80.384
4782,20
4783,408
4784,600
4785,7850
4786,600
4787,6
4788,4
4789,0.785
4790,30
4791,2925
4792,70.38
4793,3140
4794,48
4795,37.68
4796,94.2
4797,28.26
4798,5
4799,56.52
4800,219
4801,3.14
4802,5
4803,5
4804,47
4805,538.4
4806,289
4807,942
4808,282.6
4809,2.096
4810,37.68
4811,942
4812,62.8
4813,200
4814,25
4815,216
4816,58%
4817,9/40
4818,5
4819,1500
4820,15
4821,307.78
4822,13.594
4823,795
4824,1.04
4825,300
4826,5
4827,48
4828,49.26
4829,39.25
4830,3.14
4831,2826
4832,384
4833,5
4834,3025
4835,75
4836,5.3
4837,50.24
4838,25
4839,28.26
4840,23.5
4841,2
4842,1800
4843,74
4844,28.26
4845,750
4846,8
4847,13
4848,696
4849,240
4850,3.2
4851,40
4852,59
4853,363
4854,1
4855,4
4856,270
4857,2000
4858,50
4859,1/10
4860,4
4861,78.5
4862,3.5
4863,0.785
4864,12
4865,157
4866,15
4867,3.2
4868,189
4869,87.5
4870,352
4871,4
4872,50
4873,75.36
4874,38.4
4875,502.4
4876,314
4877,502.4
4878,384
4879,2/3
4880,28.26
4881,8
4882,40
4883,1/9
4884,7
4885,270
4886,12
4887,8
4888,38
4889,14
4890,3
4891,50
4892,80
4893,4000
4894,30
4895,6
4896,25
4897,45
4898,5
4899,8
4900,200
4901,18
4902,8
4903,204
4904,15.7
4905,28.26
4906,20
4907,5
4908,25
4909,82
4910,24
4911,113.04
4912,5
4913,7
4914,5
4915,47
4916,38
4917,24
4918,3
4919,27
4920,52
4921,987
4922,2.8
4923,20/9
4924,9
4925,27
4926,2000
4927,1020
4928,360
4929,5
4930,480
4931,3
4932,37.5
4933,0.8
4934,31.5
4935,5
4936,54
4937,10
4938,0.85
4939,15/2
4940,5
4941,3
4942,9
4943,90
4944,750
4945,20
4946,3_1/3
4947,282.6
4948,9
4949,7
4950,18
4951,40
4952,25
4953,24
4954,504
4955,5/20
4956,44
4957,12
4958,6
4959,50.24
4960,50.24
4961,120
4962,17.6%
4963,12
4964,1.6
4965,50
4966,83
4967,234
4968,38
4969,62
4970,72
4971,45
4972,68
4973,43
4974,18
4975,63
4976,21
4977,18
4978,17
4979,7
4980,56
4981,9
4982,84
4983,56
4984,55
4985,18
4986,16
4987,24
4988,27
4989,12
4990,35
4991,18
4992,4
4993,5
4994,4
4995,28
4996,12
4997,24
4998,104
4999,9
5000,36
5001,27
5002,32
5003,52
5004,78
5005,125
5006,38
5007,33
5008,8
5009,13
5010,37
5011,47
5012,8
5013,5
5014,7
5015,20
5016,6
5017,6
5018,34
5019,8
5020,8
5021,28
5022,47
5023,3
5024,9
5025,57
5026,81
5027,19
5028,28
5029,20
5030,20
5031,46
5032,44
5033,27
5034,17
5035,10
5036,2
5037,11
5038,38
5039,73
5040,8
5041,4
5042,25
5043,31
5044,70
5045,19
5046,3
5047,3
5048,9
5049,10
5050,25
5051,0
5052,11
5053,35
5054,31
5055,91
5056,87
5057,70
5058,56
5059,26
5060,81
5061,12
5062,55
5063,55
5064,6
5065,22
5066,20
5067,79
5068,90
5069,80
5070,3
5071,51
5072,84
5073,16
5074,24
5075,57
5076,36
5077,8
5078,42
5079,2
5080,27
5081,30
5082,35
5083,16
5084,6
5085,46
5086,32
5087,24
5088,36
5089,33
5090,32
5091,16
5092,24
5093,23
5094,8
5095,6
5096,8
5097,16
5098,15
5099,18
5100,8
5101,18
5102,6
5103,15
5104,45
5105,18
5106,33
5107,2
5108,19
5109,30
5110,88
5111,21
5112,18
5113,27
5114,180
5115,27
5116,4
5117,60
5118,1814.032
5119,24
5120,9
5121,2400
5122,960
5123,7
5124,5280
5125,44
5126,32
5127,17
5128,45
5129,9
5130,36
5131,30
5132,269
5133,30
5134,90
5135,33
5136,13.5
5137,20
5138,18
5139,314
5140,50.24
5141,31.4
5142,4.25
5143,2547
5144,2
5145,2
5146,40
5147,240
5148,5.024
5149,102
5150,1872
5151,10
5152,200
5153,8
5154,4.09
5155,4560
5156,78.5
5157,20
5158,3000
5159,240
5160,40
5161,270
5162,365
5163,37
5164,2000
5165,30
5166,88
5167,306
5168,9
5169,985.4
5170,246
5171,31.92
5172,0.912
5173,2250
5174,30
5175,30
5176,125
5177,11
5178,401.92
5179,2250
5180,7
5181,2
5182,4400
5183,60
5184,250
5185,2.5
5186,2300
5187,2340
5188,140
5189,13
5190,5
5191,9
5192,36
5193,18
5194,49
5195,480
5196,28
5197,24
5198,2
5199,0.75
5200,960
5201,0.24
5202,9
5203,14
5204,81
5205,36.3
5206,5
5207,200
5208,13
5209,3.79
5210,56
5211,32
5212,1728
5213,12
5214,30
5215,4
5216,12
5217,57.64
5218,29
5219,2198
5220,380
5221,32
5222,400
5223,80
5224,480
5225,42
5226,500
5227,4.4
5228,40
5229,4000
5230,24.4
5231,15
5232,26.2
5233,330
5234,3360
5235,4800
5236,931.6
5237,15.7
5238,38
5239,27
5240,8
5241,2300
5242,700
5243,25
5244,4800
5245,48
5246,5
5247,34
5248,147
5249,9
5250,7
5251,24
5252,20
5253,32
5254,25
5255,82
5256,8.4
5257,7
5258,25
5259,75
5260,39
5261,900
5262,208
5263,455
5264,0.3
5265,9
5266,7
5267,118.75
5268,2700
5269,9
5270,10
5271,5
5272,6
5273,35
5274,320
5275,75
5276,100
5277,975.6
5278,30%
5279,4560
5280,17
5281,3.2
5282,72
5283,1890
5284,350
5285,54.92
5286,50.24
5287,10
5288,25
5289,30
5290,576
5291,30
5292,8030
5293,489
5294,4
5295,384
5296,50
5297,3
5298,13.8
5299,180
5300,3920
5301,800
5302,420
5303,45
5304,24
5305,752
5306,48
5307,43
5308,300
5309,400
5310,42.75
5311,9.06
5312,12
5313,21
5314,24
5315,8
5316,216
5317,90
5318,150
5319,240
5320,300
5321,512
5322,48
5323,7.85
5324,153.86
5325,390
5326,50
5327,32
5328,30
5329,20000
5330,2400
5331,44
5332,1
5333,157
5334,33.75
5335,7200
5336,168
5337,120
5338,47
5339,52
5340,1170
5341,7500
5342,50
5343,384
5344,31.4
5345,235.44
5346,12
5347,90
5348,5
5349,275
5350,240
5351,800
5352,247
5353,2600
5354,18
5355,1800
5356,12
5357,480
5358,8.4
5359,20
5360,3.14
5361,0.75
5362,3
5363,298
5364,10
5365,50
5366,4
5367,30
5368,408.32
5369,0.828
5370,398
5371,5
5372,60000
5373,390
5374,24
5375,25
5376,45
5377,20
5378,2730
5379,200
5380,0.48
5381,45
5382,25
5383,4000
5384,90
5385,750
5386,29
5387,1440
5388,2
5389,14
5390,8
5391,8
5392,0.9
5393,59
5394,8
5395,15
5396,600
5397,20000
5398,148
5399,35
5400,245
5401,500
5402,9
5403,47.5
5404,33
5405,43.92
5406,172
5407,480
5408,21
5409,54
5410,30
5411,90
5412,13.8
5413,89
5414,235.5
5415,1732.65
5416,52
5417,1008
5418,48
5419,840
5420,2880
5421,2.5
5422,2.5
5423,24.72
5424,2.24
5425,3.75
5426,30
5427,90
5428,54
5429,900
5430,56
5431,38
5432,8
5433,770
5434,20000
5435,360
5436,492
5437,2.5
5438,1500
5439,30
5440,512
5441,24
5442,60
5443,24
5444,15.7
5445,0.4
5446,38
5447,2.9
5448,2.7
5449,0.5
5450,40
5451,84
5452,0.568
5453,189
5454,240
5455,24
5456,10
5457,35168
5458,314
5459,125
5460,300
5461,12.56
5462,9.6
5463,273
5464,5
5465,32
5466,6
5467,3
5468,1.7
5469,13.05
5470,25
5471,3500
5472,90.72
5473,0.18
5474,25
5475,30
5476,0.8
5477,24
5478,300
5479,18000
5480,7040
5481,10
5482,4
5483,1
5484,1.2
5485,25
5486,150
5487,200
5488,40
5489,6
5490,75
5491,30
5492,8
5493,53
5494,190
5495,42
5496,10
5497,6
5498,1750
5499,37.5
5500,3
5501,72
5502,5.4
5503,940
5504,2450
5505,25
5506,7.5
5507,4500
5508,385
5509,240
5510,9
5511,800
5512,32
5513,7
5514,20
5515,30
5516,5000
5517,2400
5518,80
5519,5355
5520,80
5521,320
5522,90
5523,1920
5524,35
5525,10
5526,90
5527,125
5528,24.3
5529,2010
5530,70
5531,2500
5532,5497.5
5533,48
5534,3
5535,2
5536,5400
5537,549
5538,10.5
5539,118
5540,10
5541,54
5542,81
5543,390
5544,21
5545,18
5546,40
5547,70
5548,3.5
5549,45
5550,2700
5551,640
5552,528
5553,15
5554,13
5555,6000
5556,90
5557,47
5558,3
5559,20
5560,8
5561,180
5562,12440
5563,450
5564,12
5565,2
5566,9
5567,54
5568,8
5569,60
5570,3
5571,4
5572,176
5573,18000
5574,166
5575,5
5576,4
5577,20.5
5578,31.25
5579,140
5580,42
5581,16
5582,92.4
5583,420
5584,40
5585,9
5586,70
5587,360
5588,380
5589,46
5590,3
5591,2130
5592,230
5593,90
5594,10
5595,288
5596,279
5597,51
5598,40
5599,2700
5600,584
5601,3500
5602,495
5603,2.38
5604,32
5605,375
5606,3090
5607,8
5608,11
5609,440
5610,90.7
5611,40
5612,120
5613,3.75
5614,37
5615,95
5616,9.42
5617,3920
5618,7.8
5619,98.7
5620,450
5621,3768
5622,47.1
5623,4
5624,72
5625,20
5626,8400
5627,1380
5628,9
5629,237.6
5630,250
5631,1587
5632,42
5633,2700
5634,250
5635,942
5636,2700
5637,7534
5638,30
5639,942
5640,30
5641,2970
5642,1350
5643,400
5644,8.4
5645,160
5646,6
5647,28.26
5648,75
5649,130
5650,60
5651,28.26
5652,450
5653,400
5654,2
5655,45
5656,250
5657,3.5
5658,55
5659,2
5660,480
5661,32
5662,80
5663,4.8
5664,2
5665,40
5666,30
5667,150
5668,30
5669,3
5670,480
5671,2
5672,450
5673,60
5674,960
5675,43.96
5676,1387.5
5677,26
5678,37
5679,1500
5680,500
5681,375
5682,628
5683,4
5684,60
5685,0.448
5686,5
5687,584
5688,5392
5689,2250
5690,45
5691,1200
5692,26
5693,504
5694,270
5695,100
5696,300
5697,1600
5698,15
5699,72
5700,7.536
5701,40
5702,55
5703,8
5704,390;147
5705,80
5706,89.5
5707,2400
5708,29
5709,11340
5710,2.2
5711,36
5712,8
5713,800
5714,11
5715,24768
5716,108
5717,8
5718,240
5719,9
5720,945
5721,376.8
5722,40.82
5723,5
5724,186
5725,105
5726,5.7
5727,300
5728,8
5729,16
5730,7
5731,1440
5732,950
5733,190.2
5734,5722
5735,5
5736,3987
5737,425
5738,3430
5739,45000
5740,8
5741,6
5742,10
5743,25
5744,579
5745,90
5746,480
5747,32
5748,2000
5749,50.24
5750,642
5751,352
5752,360
5753,275
5754,232
5755,180
5756,142
5757,23
5758,90
5759,43.2
5760,20
5761,750
5762,150
5763,97
5764,38
5765,15
5766,1976
5767,28.8
5768,3600
5769,270
5770,20
5771,80
5772,50
5773,240
5774,24
5775,2400
5776,30
5777,160
5778,20
5779,10
5780,65
5781,8
5782,192
5783,5
5784,30
5785,4500
5786,580
5787,46
5788,112750
5789,300
5790,30
5791,84
5792,7540
5793,9070
5794,80
5795,145
5796,420
5797,6
5798,36
5799,2.952
5800,306
5801,18
5802,175
5803,74.4
5804,4.8
5805,2.5
5806,40
5807,135
5808,40
5809,80
5810,18
5811,2.5
5812,20
5813,750
5814,205
5815,20
5816,27
5817,880
5818,7
5819,150
5820,2.7
5821,36
5822,4
5823,49
5824,42
5825,5
5826,2
5827,3
5828,81
5829,25910
5830,2550
5831,2400
5832,4000
5833,4
5834,47.5
5835,1500
5836,6.28
5837,3.2
5838,47.1
5839,45.36
5840,8
5841,4
5842,40
5843,0.5
5844,85
5845,37
5846,38
5847,3600
5848,137.5
5849,54.74
5850,7
5851,70.4
5852,25
5853,7200
5854,8
5855,9350
5856,8400
5857,3000
5858,4560
5859,24
5860,5
5861,3.4
5862,108.9
5863,928
5864,42
5865,1.14
5866,270
5867,3
5868,15/8
5869,3.77
5870,18
5871,12
5872,280
5873,2
5874,80
5875,30
5876,24
5877,72
5878,2
5879,96
5880,48
5881,411
5882,39
5883,499
5884,9
5885,100
5886,13
5887,9
5888,4
5889,68
5890,38
5891,90
5892,39
5893,37
5894,1980
5895,4
5896,750
5897,2.3
5898,5624
5899,5
5900,0.03
5901,5
5902,87.9
5903,9.5
5904,7800
5905,320
5906,44
5907,9
5908,21
5909,7
5910,57
5911,9
5912,16
5913,33
5914,25
5915,7
5916,3
5917,7
5918,50
5919,60
5920,46
5921,8
5922,8
5923,18
5924,31
5925,42
5926,36
5927,18
5928,604
5929,1621
5930,6
5931,840
5932,3
5933,72
5934,42
5935,2
5936,33
5937,8
5938,6
5939,35
5940,12
5941,20
5942,10
5943,15
5944,15
5945,10
5946,10
5947,36
5948,46
5949,56
5950,3
5951,4
5952,12
5953,13
5954,9
5955,42
5956,21
5957,32
5958,70
5959,44
5960,20
5961,42
5962,18
5963,36
5964,23
5965,24
5966,16
5967,53
5968,31
5969,3
5970,72
5971,53
5972,4
5973,3
5974,5
5975,4
5976,28
5977,12
5978,2
5979,12
5980,3
5981,39
5982,9
5983,4
5984,22
5985,75
5986,9
5987,34
5988,17
5989,27
5990,10
5991,4
5992,1
5993,18
5994,18
5995,20
5996,4
5997,4
5998,8
5999,5
6000,7
6001,21
6002,6
6003,6
6004,34
6005,47
6006,3
6007,9
6008,57
6009,81
6010,19
6011,28
6012,20
6013,20
6014,46
6015,44
6016,27
6017,8
6018,4
6019,20
6020,31
6021,70
6022,19
6023,3
6024,3
6025,9
6026,12
6027,25
6028,0
6029,11
6030,35
6031,31
6032,91
6033,73
6034,70
6035,56
6036,26
6037,81
6038,55
6039,6
6040,97
6041,57
6042,84
6043,16
6044,24
6045,57
6046,36
6047,8
6048,36
6049,29
6050,10
6051,34
6052,31
6053,27
6054,15
6055,88
6056,67
6057,7
6058,16
6059,8
6060,75
6061,81
6062,25
6063,90
6064,56
6065,18
6066,23
6067,27
6068,27
6069,36
6070,19
6071,9
6072,24
6073,80
6074,4
6075,20
6076,4
6077,20
6078,3
6079,25
6080,7
6081,6
6082,18
6083,53
6084,41
6085,27
6086,45
6087,19
6088,14
6089,31
6090,32
6091,11
6092,84
6093,40
6094,44
6095,30
6096,20
6097,35
6098,45
6099,25
6100,8
6101,8
6102,14
6103,47
6104,10
6105,72
6106,34
6107,9
6108,6
6109,3
6110,18
6111,4
6112,23
6113,10
6114,7
6115,2
6116,27
6117,30
6118,68
6119,16
6120,7
6121,46
6122,32
6123,36
6124,33
6125,32
6126,16
6127,24
6128,23
6129,8
6130,6
6131,8
6132,16
6133,15
6134,18
6135,8
6136,18
6137,6
6138,15
6139,57
6140,18
6141,20
6142,37
6143,26
6144,27
6145,21
6146,18
6147,27
6148,180
6149,5
6150,2
6151,80
6152,68
6153,14
6154,24
6155,5
6156,270
6157,139
6158,393
6159,498
6160,4
6161,40
6162,150
6163,5
6164,0.8
6165,2
6166,74
6167,2409
6168,500
6169,720
6170,28
6171,31
6172,20
6173,1440
6174,75
6175,90
6176,245
6177,2400
6178,3.6
6179,7
6180,37
6181,2.7
6182,88
6183,82
6184,40
6185,45
6186,63
6187,5320
6188,520
6189,447
6190,253
6191,725
6192,400
6193,120
6194,475
6195,1740
6196,240
6197,4200
6198,2016
6199,36
6200,48
6201,24
6202,15
6203,36
6204,40
6205,30
6206,52
6207,54
6208,80
6209,20
6210,78
6211,92
6212,286
6213,73
6214,142
6215,270
6216,99
6217,25
6218,40
6219,5
6220,477
6221,12
6222,129
6223,39
6224,18
6225,9
6226,52
6227,9
6228,9
6229,72
6230,315
6231,295
6232,2
6233,220
6234,14
6235,2200
6236,98
6237,96
6238,123
6239,44
6240,380
6241,53
6242,210
6243,5
6244,6
6245,435
6246,270
6247,94
6248,385
6249,156
6250,5
6251,7
6252,152
6253,200
6254,576
6255,140
6256,78
6257,200
6258,4
6259,225
6260,11
6261,70
6262,1524
6263,708
6264,92
6265,75
6266,184
6267,8
6268,21
6269,1620
6270,4000
6271,420
6272,700
6273,77
6274,47.6
6275,800
6276,20
6277,63
6278,270
6279,4
6280,5
6281,396
6282,186
6283,5
6284,35.6
6285,1.24
6286,2.7
6287,22
6288,540
6289,32
6290,24
6291,230
6292,23.2
6293,19
6294,61.8
6295,9
6296,1400
6297,7
6298,91.78
6299,57.8
6300,24
6301,8
6302,303
6303,270
6304,64
6305,165
6306,22910
6307,315
6308,6
6309,86
6310,157
6311,92
6312,42.4
6313,28
6314,90
6315,45
6316,24
6317,48
6318,4300
6319,50
6320,2.5
6321,6.4
6322,4200
6323,328
6324,3
6325,78
6326,3
6327,870
6328,170
6329,3
6330,6120
6331,8000
6332,780
6333,9030
6334,4800
6335,696
6336,125
6337,900
6338,9
6339,40
6340,160
6341,48
6342,160
6343,560
6344,2200
6345,4
6346,6
6347,27
6348,48
6349,2
6350,20
6351,3600
6352,13
6353,7
6354,300
6355,5
6356,12
6357,940
6358,15
6359,15
6360,19
6361,32
6362,12920
6363,30
6364,8
6365,2/5
6366,3.2
6367,3
6368,2780
6369,400
6370,25
6371,24
6372,45
6373,3/4
6374,8
6375,70
6376,729
6377,1584
6378,3.6
6379,2.5
6380,14
6381,20
6382,12
6383,7000
6384,2
6385,130
6386,78
6387,6000
6388,33.5
6389,1.8
6390,40
6391,0.6
6392,5
6393,9
6394,100
6395,75
6396,5600
6397,4.8
6398,3.3
6399,1438
6400,172
6401,2500
6402,40
6403,9
6404,200
6405,70
6406,725
6407,856
6408,700
6409,20000
6410,17000
6411,0.7
6412,1400
6413,47
6414,1
6415,204.58
6416,140.1
6417,41.6
6418,1760
6419,8
6420,540
6421,372
6422,3900
6423,30
6424,47
6425,9
6426,225
6427,150
6428,5
6429,34
6430,13
6431,8.7
6432,48
6433,360
6434,80
6435,240
6436,144
6437,450
6438,14
6439,17
6440,1200
6441,可以
6442,8
6443,50
6444,32
6445,261.1
6446,0.8
6447,104
6448,12
6449,40
6450,307.72
6451,32
6452,38
6453,40
6454,73
6455,96
6456,1080
6457,0.3
6458,900
6459,648
6460,12
6461,5
6462,40
6463,950
6464,2000
6465,2000
6466,10
6467,5
6468,23
6469,45
6470,20
6471,20
6472,26
6473,9
6474,7
6475,48/5
6476,27
6477,9
6478,4
6479,4
6480,42
6481,20
6482,48
6483,1480
6484,54
6485,390
6486,7
6487,49
6488,240
6489,4
6490,4
6491,282.4
6492,240
6493,90
6494,8
6495,62.8
6496,178
6497,44.1
6498,25
6499,25
6500,46
6501,50
6502,4.8
6503,4
6504,24
6505,600
6506,126
6507,180
6508,95
6509,16
6510,45
6511,140
6512,64
6513,255
6514,368
6515,7
6516,230
6517,154
6518,9.95
6519,3800
6520,27
6521,1792
6522,5
6523,1
6524,4
6525,4
6526,360
6527,39.5
6528,74
6529,91
6530,1050
6531,890
6532,32
6533,6
6534,12600
6535,90
6536,178
6537,9
6538,170
6539,38
6540,185
6541,50
6542,2400
6543,222
6544,5
6545,2735
6546,2000
6547,200
6548,171
6549,375
6550,3
6551,1872
6552,206
6553,9
6554,4
6555,648
6556,133
6557,71.5
6558,79
6559,4
6560,8
6561,660
6562,2.29
6563,17
6564,656
6565,35
6566,54
6567,9
6568,22575
6569,600
6570,80
6571,45
6572,180
6573,900
6574,12.5
6575,1926
6576,950
6577,72.9
6578,4410
6579,8
6580,36
6581,320
6582,85
6583,3720
6584,4
6585,6
6586,576
6587,34
6588,148.46
6589,8
6590,1344
6591,1330
6592,20
6593,120
6594,900
6595,75
6596,88
6597,6.7
6598,306
6599,2730
6600,2400
6601,2250
6602,42
6603,378
6604,38
6605,209
6606,18750
6607,120
6608,18.5
6609,18
6610,46
6611,248
6612,4
6613,24
6614,296
6615,1050
6616,636
6617,521
6618,42
6619,370
6620,7
6621,10.5
6622,4
6623,648
6624,1320
6625,6
6626,10500
6627,453
6628,600
6629,60
6630,792
6631,9.2
6632,48
6633,64.76
6634,100
6635,5.5
6636,24
6637,30
6638,24
6639,24800
6640,50
6641,3
6642,1700
6643,30
6644,552
6645,2
6646,8000
6647,6960
6648,13340
6649,33
6650,270
6651,32
6652,36
6653,810
6654,91
6655,3
6656,24
6657,14
6658,205
6659,540
6660,75
6661,266
6662,4
6663,5
6664,290
6665,8
6666,143
6667,944
6668,90
6669,27
6670,1050
6671,1872
6672,90
6673,45
6674,138
6675,204
6676,29
6677,323
6678,3600
6679,840
6680,48
6681,1680
6682,532
6683,21
6684,1206
6685,192
6686,525
6687,432
6688,29
6689,756
6690,15
6691,52
6692,1.9
6693,560
6694,240
6695,42
6696,7
6697,780
6698,1152
6699,9.3
6700,43
6701,600
6702,280
6703,14
6704,4840
6705,5
6706,45
6707,25
6708,23.76
6709,43.96
6710,27600
6711,10
6712,57
6713,8
6714,9
6715,7
6716,16
6717,17
6718,22
6719,23
6720,85
6721,3216
6722,900
6723,37.5
6724,248
6725,1120
6726,80
6727,5
6728,27
6729,0.5
6730,11
6731,39
6732,8
6733,12
6734,23
6735,52
6736,52
6737,80
6738,38
6739,106
6740,10
6741,3
6742,10
6743,2
6744,12
6745,15
6746,2
6747,3
6748,28
6749,22
6750,21
6751,4
6752,39
6753,33
6754,36
6755,90
6756,37
6757,8
6758,34
6759,17
6760,35
6761,45
6762,6
6763,20
6764,4
6765,38
6766,4
6767,70
6768,2
6769,12
6770,6
6771,2
6772,28
6773,60
6774,10
6775,3
6776,9
6777,29
6778,3
6779,17
6780,9
6781,17
6782,45
6783,43
6784,5
6785,27
6786,4
6787,47
6788,8
6789,57
6790,87
6791,6
6792,18
6793,79
6794,54
6795,10
6796,38
6797,45
6798,35
6799,45
6800,51
6801,38
6802,170
6803,22
6804,9
6805,104
6806,30
6807,100
6808,10
6809,27
6810,37
6811,46
6812,40
6813,40
6814,39
6815,47
6816,9
6817,25
6818,57
6819,81
6820,37
6821,11
6822,31
6823,23
6824,3
6825,33
6826,30
6827,38
6828,12
6829,28
6830,33
6831,80
6832,57
6833,14
6834,36
6835,32
6836,46
6837,16
6838,24
6839,12
6840,5
6841,35
6842,5
6843,4
6844,13
6845,10
6846,8
6847,18
6848,5
6849,18
6850,14
6851,16
6852,10
6853,8
6854,18
6855,27
6856,9
6857,8
6858,35.68
6859,178
6860,1220
6861,60
6862,80
6863,8220
6864,520
6865,8
6866,22
6867,95%
6868,4192
6869,420
6870,256
6871,356
6872,350
6873,1500
6874,3600
6875,144
6876,12
6877,5
6878,260
6879,32
6880,125
6881,3000
6882,108
6883,15
6884,150
6885,200
6886,220
6887,792
6888,48
6889,9
6890,94
6891,52
6892,70
6893,197.5
6894,3.6
6895,200
6896,32
6897,560
6898,942
6899,225
6900,36
6901,0.5
6902,504
6903,87
6904,2
6905,206
6906,8
6907,45
6908,59
6909,625
6910,47
6911,600
6912,50
6913,96%
6914,92%
6915,2/5
6916,34.53
6917,300
6918,58.8
6919,324
6920,357
6921,300
6922,0.06
6923,27
6924,601
6925,32
6926,20
6927,7500
6928,75.36
6929,1080
6930,14730
6931,5.4
6932,80
6933,40
6934,1.8
6935,8
6936,27
6937,36
6938,13
6939,4
6940,20%
6941,200
6942,26
6943,115%
6944,98.9
6945,24
6946,30
6947,1
6948,75
6949,47.5
6950,50
6951,314
6952,84
6953,54
6954,5.2
6955,60
6956,5
6957,0.8
6958,7
6959,508.5
6960,125
6961,120
6962,7500
6963,196
6964,5
6965,30
6966,32
6967,408.24
6968,16
6969,24
6970,20
6971,18
6972,7
6973,8
6974,32
6975,150
6976,13
6977,11
6978,80
6979,160
6980,28
6981,20%
6982,2225
6983,6000
6984,0.75
6985,40
6986,984
6987,134
6988,200
6989,35
6990,54
6991,1600
6992,96
6993,25
6994,270
6995,2200
6996,900
6997,4.4
6998,300
6999,980
7000,7
7001,0.7
7002,3
7003,20
7004,256
7005,9
7006,225
7007,280
7008,24%
7009,8.4
7010,65
7011,28.26
7012,120
7013,200
7014,22
7015,396
7016,150
7017,3
7018,392
7019,1630
7020,50
7021,50.24
7022,75
7023,72
7024,5
7025,200
7026,180
7027,2.534
7028,20%
7029,53.36
7030,105
7031,30
7032,720
7033,75
7034,25%
7035,80
7036,4.8
7037,11.5%
7038,512
7039,647
7040,2_2/9
7041,780
7042,490
7043,435
7044,75
7045,8
7046,310
7047,96
7048,35
7049,2
7050,15
7051,147
7052,8
7053,4
7054,16
7055,240
7056,28.26
7057,5
7058,1.44
7059,280
7060,93.75%
7061,25
7062,24.7
7063,44.8
7064,47
7065,3.7
7066,2400
7067,1.2
7068,12
7069,40
7070,27.09
7071,4
7072,300
7073,5
7074,18.75%
7075,30
7076,1100
7077,25
7078,2750
7079,1.5
7080,27.5
7081,100
7082,60
7083,1015
7084,12
7085,10
7086,188
7087,2.1
7088,12
7089,37
7090,96
7091,90
7092,15
7093,576
7094,24
7095,320
7096,10
7097,54
7098,78.5
7099,0.2
7100,41
7101,160
7102,7.8
7103,8
7104,2
7105,57.6
7106,345.6
7107,25
7108,3
7109,75
7110,1/3
7111,28
7112,28.26
7113,10
7114,237/57
7115,60
7116,2160
7117,2512
7118,185
7119,600
7120,5
7121,405.9
7122,80
7123,96
7124,32
7125,9
7126,540
7127,84
7128,160
7129,95
7130,3.14
7131,2.5
7132,32
7133,400
7134,200
7135,24
7136,270
7137,54
7138,100
7139,120
7140,2.62
7141,0.65
7142,400
7143,10%
7144,0.5
7145,5
7146,91%
7147,20%
7148,5
7149,20
7150,6
7151,38
7152,420
7153,2
7154,60
7155,800
7156,420
7157,42
7158,135.9
7159,5.4
7160,20
7161,478.5
7162,3
7163,3
7164,1504
7165,0.5
7166,560
7167,384
7168,117.5
7169,24
7170,1
7171,8
7172,160
7173,40%
7174,20%
7175,73.6
7176,9
7177,1000
7178,20
7179,216
7180,113.04
7181,522.5
7182,1400
7183,3330
7184,2.6
7185,72
7186,5
7187,768
7188,8
7189,29
7190,97
7191,4.8
7192,225
7193,83296
7194,6224
7195,5.7
7196,900
7197,144
7198,35
7199,42
7200,4
7201,9
7202,6440
7203,108
7204,3
7205,32
7206,280
7207,7
7208,8160
7209,358
7210,302
7211,0.7
7212,48
7213,5.2
7214,4
7215,37.68
7216,796
7217,39.26
7218,12.56
7219,713
7220,38
7221,2196
7222,18
7223,20%
7224,300
7225,10
7226,4.2
7227,15
7228,32
7229,5
7230,16%
7231,270
7232,30
7233,84
7234,5
7235,105
7236,20.9
7237,100
7238,25
7239,100
7240,8
7241,340
7242,24
7243,3040
7244,7
7245,620
7246,73
7247,9.6
7248,168
7249,2000
7250,3000
7251,5
7252,36
7253,2160
7254,3
7255,734
7256,50
7257,280
7258,1200
7259,191
7260,60
7261,96
7262,30
7263,108
7264,960
7265,250
7266,72
7267,480
7268,5
7269,940
7270,12.56
7271,904.32
7272,16
7273,200
7274,2
7275,25
7276,75
7277,375
7278,2250
7279,40
7280,8
7281,120
7282,240
7283,9.1%
7284,30
7285,15
7286,20
7287,7
7288,4
7289,180
7290,9
7291,500
7292,18
7293,135
7294,8000
7295,243
7296,240
7297,150
7298,272
7299,54.4
7300,40
7301,7/8
7302,54
7303,90
7304,20000
7305,40
7306,72
7307,300
7308,230
7309,3
7310,7
7311,2.5
7312,49
7313,240
7314,91.75
7315,18
7316,25
7317,251.2
7318,906
7319,904.32
7320,42
7321,120
7322,30
7323,800
7324,73.3
7325,4
7326,2000
7327,0.5
7328,450
7329,16
7330,12.5%
7331,240
7332,0.4398
7333,90
7334,300
7335,304
7336,2430
7337,35178.8
7338,9
7339,1304
7340,45.475
7341,50
7342,7
7343,3
7344,216
7345,500
7346,489
7347,440
7348,31.4
7349,475
7350,360
7351,22
7352,180
7353,90
7354,750
7355,640
7356,39.25
7357,456
7358,3
7359,49
7360,14
7361,940
7362,750
7363,12
7364,90
7365,50
7366,4000
7367,4000
7368,4000
7369,72
7370,12
7371,3
7372,480
7373,48
7374,20
7375,4_4/9
7376,1/8
7377,53.904
7378,50
7379,8790
7380,3600
7381,250
7382,400
7383,30
7384,5
7385,3940
7386,512.56
7387,2500
7388,0.5
7389,14.25
7390,6
7391,0.06
7392,20
7393,314
7394,240
7395,520
7396,1470
7397,92
7398,24
7399,60
7400,64
7401,4.8
7402,8
7403,32
7404,5
7405,390
7406,5
7407,27
7408,373.12
7409,300
7410,98
7411,14
7412,150
7413,150
7414,60
7415,5
7416,1
7417,158
7418,198
7419,2
7420,73
7421,5.8
7422,18
7423,54
7424,179
7425,401
7426,54
7427,18
7428,1.6
7429,3600
7430,97.5%
7431,480
7432,34
7433,5
7434,13
7435,90
7436,90
7437,10.8
7438,25
7439,6
7440,3600
7441,4
7442,240
7443,0.08
7444,15
7445,0.8
7446,35%
7447,180
7448,7200
7449,7500
7450,19.625
7451,40
7452,3
7453,150
7454,5
7455,50
7456,60%
7457,30
7458,3.84
7459,5
7460,500
7461,360
7462,44
7463,3000
7464,9.5
7465,243
7466,600
7467,24
7468,1250
7469,20
7470,314
7471,3
7472,20
7473,0.2
7474,147
7475,9
7476,520
7477,7
7478,55
7479,5.6
7480,27
7481,48
7482,250
7483,480
7484,8490
7485,390
7486,494
7487,27
7488,8
7489,3520
7490,25
7491,399
7492,53
7493,80
7494,90
7495,24
7496,9
7497,495
7498,0.33
7499,45
7500,140.982
7501,2
7502,4
7503,3
7504,1800
7505,243
7506,28
7507,1584
7508,30
7509,20
7510,2.5
7511,930
7512,2850
7513,14
7514,130
7515,375
7516,69
7517,835
7518,5/7
7519,2.3
7520,1470
7521,470
7522,282.6
7523,16
7524,744
7525,288
7526,5140
7527,675000
7528,5
7529,5
7530,30
7531,75
7532,8
7533,480
7534,2240
7535,479.2
7536,180
7537,40
7538,40
7539,7
7540,60
7541,13.5
7542,1224
7543,30
7544,75
7545,25.12
7546,38
7547,40.82
7548,675
7549,47.1
7550,75
7551,753.6
7552,20
7553,79
7554,190
7555,840
7556,20
7557,180
7558,72
7559,9.7
7560,20
7561,5
7562,200
7563,243
7564,40
7565,43.2
7566,93
7567,19.7
7568,924
7569,990
7570,8
7571,9
7572,25.72
7573,16
7574,7200
7575,3
7576,4
7577,181.072
7578,40.85
7579,2/3
7580,200
7581,84
7582,31.4
7583,270
7584,150
7585,900
7586,0.3
7587,40
7588,40
7589,192
7590,240
7591,27
7592,20
7593,5
7594,250
7595,3015
7596,71
7597,28
7598,28.8
7599,45
7600,20
7601,4
7602,7536
7603,24
7604,12
7605,760
7606,512
7607,125
7608,40
7609,35
7610,90
7611,6.8
7612,36
7613,70
7614,2.56
7615,1.44
7616,2
7617,4
7618,18
7619,4
7620,24
7621,12
7622,20
7623,12
7624,0.2
7625,216
7626,512
7627,57.5
7628,36.55
7629,0.8
7630,6
7631,3.8
7632,27
7633,240
7634,90
7635,85%
7636,800
7637,14
7638,1400
7639,54
7640,2.34
7641,0.8
7642,4/8
7643,10
7644,21
7645,20
7646,72/100
7647,18
7648,1/2
7649,1/7
7650,2240
7651,2700
7652,0.03
7653,1.5
7654,36
7655,2400
7656,9/20
7657,64
7658,20
7659,9.84
7660,1440
7661,31.8
7662,7/5
7663,1/8
7664,2
7665,2/5
7666,1/6
7667,7500
7668,8
7669,59
7670,23
7671,30
7672,18
7673,8
7674,7
7675,505
7676,5
7677,1760
7678,2
7679,16
7680,16
7681,3968
7682,6000
7683,7
7684,180
7685,70
7686,800
7687,217
7688,19/35
7689,60
7690,1800
7691,4
7692,81.6
7693,25
7694,3
7695,534
7696,9_4/5
7697,3
7698,5
7699,26
7700,9
7701,53.2
7702,7
7703,9.5
7704,13.35
7705,9.4
7706,3090
7707,53
7708,28
7709,130
7710,72
7711,9/10
7712,3
7713,1/24
7714,3
7715,42
7716,42
7717,60.2
7718,5/24
7719,48
7720,11
7721,5.32
7722,87.5
7723,30
7724,1350
7725,7
7726,8/10
7727,2.4
7728,228
7729,7
7730,140
7731,882
7732,3.75
7733,0.3
7734,200
7735,312.5
7736,14
7737,6
7738,100
7739,90
7740,78
7741,135
7742,36
7743,85
7744,800
7745,180
7746,40
7747,30
7748,204
7749,47
7750,3
7751,70
7752,1.8
7753,520
7754,0.2
7755,3
7756,75
7757,1960
7758,90
7759,2/5
7760,5
7761,12.4
7762,700
7763,8
7764,4
7765,6
7766,12
7767,32200
7768,35
7769,230
7770,180
7771,2865
7772,7/20
7773,480
7774,48
7775,47
7776,1398
7777,53
7778,20
7779,60
7780,91/15
7781,450
7782,30
7783,22
7784,260
7785,10
7786,19
7787,360
7788,180
7789,150
7790,705.25
7791,273
7792,170
7793,3/7
7794,11
7795,15
7796,15
7797,7/10
7798,1470
7799,360
7800,420
7801,70
7802,4000
7803,3/8
7804,15
7805,36
7806,50
7807,149
7808,205
7809,20
7810,3.2
7811,72
7812,1.5
7813,30
7814,8
7815,360
7816,1/2
7817,15
7818,240
7819,255
7820,5
7821,9/10
7822,5416
7823,924
7824,0.1
7825,39
7826,50
7827,7/15
7828,800
7829,45
7830,76
7831,630
7832,24
7833,23
7834,9.3
7835,27
7836,7/20
7837,7
7838,600
7839,20
7840,94
7841,2/7
7842,4
7843,27
7844,120
7845,3
7846,7.8
7847,185
7848,45
7849,220
7850,够
7851,3/4
7852,570
7853,7
7854,16
7855,5/4
7856,4
7857,3_2/8
7858,48
7859,360
7860,31
7861,20
7862,243
7863,3
7864,10.7
7865,7
7866,108
7867,18
7868,4
7869,3
7870,180
7871,3/4
7872,15
7873,12.6
7874,28
7875,2/5
7876,4
7877,7
7878,375
7879,12
7880,3/8
7881,150
7882,125
7883,7/10
7884,5/30
7885,3/5
7886,96
7887,1/2
7888,36
7889,3
7890,8
7891,2.25
7892,3_1/3
7893,900
7894,269
7895,129
7896,817
7897,25
7898,300
7899,3
7900,99
7901,9
7902,5
7903,20
7904,5.42
7905,36
7906,630
7907,187.5
7908,24/7
7909,1/2
7910,8
7911,3.75
7912,3
7913,79.2
7914,2130
7915,1/16
7916,10
7917,96
7918,1/5
7919,864
7920,9/20
7921,5
7922,1/2
7923,1/4
7924,7
7925,270
7926,150
7927,900
7928,4
7929,360
7930,25
7931,95
7932,2/5
7933,32
7934,77
7935,5/8
7936,2/5
7937,2/5
7938,1000
7939,8
7940,7
7941,7
7942,7/12
7943,6
7944,300
7945,42
7946,4
7947,16
7948,50
7949,50
7950,2.5
7951,5
7952,18
7953,12
7954,128
7955,86
7956,63
7957,3400
7958,8
7959,138
7960,9/30+12/30+3/30=24/30
7961,15
7962,200
7963,20
7964,7200
7965,6
7966,15
7967,2
7968,300
7969,47
7970,95
7971,4
7972,516
7973,100
7974,12
7975,290
7976,125
7977,10
7978,7
7979,4
7980,38
7981,448
7982,5
7983,300
7984,37
7985,70
7986,9
7987,187.5
7988,420
7989,14400
7990,506
7991,72
7992,7
7993,1200
7994,193
7995,4
7996,180
7997,470
7998,4/7
7999,42
